dataset,m,method,trial,cm,igd
dtlz1,m=5,lex,0,0.598655940439,0.720415280006
dtlz1,m=5,lex,1,0.0269143,0.198275032704
dtlz1,m=5,lex,2,12.5014933085,12.1822682798
dtlz1,m=5,lex,3,16.7661541854,16.719604591
dtlz1,m=5,lex,4,12.5415977702,12.4205057241
dtlz1,m=5,lex,5,13.1654100315,12.7983512832
dtlz1,m=5,lex,6,0.0105961,0.183819938484
dtlz1,m=5,lex,7,0.0146004,0.187338720184
dtlz1,m=5,lex,8,3.52035980238,3.35358804824
dtlz1,m=5,lex,9,0.0048485,0.178804937936
dtlz1,m=5,lex,10,0.518971880017,0.599944780154
dtlz1,m=5,lex,11,12.5081946146,12.2175215795
dtlz1,m=5,lex,12,13.1473227361,13.1584442812
dtlz1,m=5,lex,13,0.0261017,0.197548343799
dtlz1,m=5,lex,14,0.963382,1.11737741915
dtlz1,m=5,lex,15,0.0956492,0.261579427026
dtlz1,m=5,lex,16,0.1837488,0.345764452195
dtlz1,m=5,lex,17,1.62078474866,1.71043921203
dtlz1,m=5,lex,18,2.56852169217,2.35091006965
dtlz1,m=5,lex,19,3.00254512722,2.97873063708
dtlz1,m=5,lex,20,14.1851564664,13.0209366514
dtlz1,m=5,lex,21,12.4982,12.64898981
dtlz1,m=5,lex,22,0.503984,0.660429495737
dtlz1,m=5,lex,23,0.803943,0.958523391154
dtlz1,m=5,lex,24,20.49553,20.6461996998
dtlz1,m=5,lex,25,19.4668255911,18.9637477416
dtlz1,m=5,lex,26,13.4703527663,13.1829847895
dtlz1,m=5,lex,27,0.0177367,0.190108164132
dtlz1,m=5,lex,28,0.50306,0.659513854022
dtlz1,m=5,lex,29,0.0257391671429,0.154128478471
dtlz1,m=5,nsga2,0,413.577072531,336.015620639
dtlz1,m=5,nsga2,1,426.754689323,339.030126769
dtlz1,m=5,nsga2,2,361.533698913,299.375678647
dtlz1,m=5,nsga2,3,400.339676948,317.592503548
dtlz1,m=5,nsga2,4,405.982923061,320.137384696
dtlz1,m=5,nsga2,5,438.016909554,360.971602009
dtlz1,m=5,nsga2,6,406.175206892,328.99413266
dtlz1,m=5,nsga2,7,449.277234804,344.657029756
dtlz1,m=5,nsga2,8,450.865070175,345.402861074
dtlz1,m=5,nsga2,9,415.445615743,330.99003093
dtlz1,m=5,nsga2,10,420.993392522,337.799025104
dtlz1,m=5,nsga2,11,429.343772282,337.06011883
dtlz1,m=5,nsga2,12,427.188601996,340.422929971
dtlz1,m=5,nsga2,13,430.05912605,338.20497092
dtlz1,m=5,nsga2,14,427.997170783,335.627470122
dtlz1,m=5,nsga2,15,410.05547255,332.630821943
dtlz1,m=5,nsga2,16,373.339927858,314.013505726
dtlz1,m=5,nsga2,17,436.81630392,345.025522059
dtlz1,m=5,nsga2,18,448.438398112,359.008654126
dtlz1,m=5,nsga2,19,407.925371178,329.429391246
dtlz1,m=5,nsga2,20,394.464673601,322.419951527
dtlz1,m=5,nsga2,21,421.541719209,341.663935866
dtlz1,m=5,nsga2,22,390.964954738,320.094546148
dtlz1,m=5,nsga2,23,381.078691327,308.188477274
dtlz1,m=5,nsga2,24,417.863152728,331.135028075
dtlz1,m=5,nsga2,25,378.69539548,300.963616934
dtlz1,m=5,nsga2,26,350.76702873,282.898495417
dtlz1,m=5,nsga2,27,389.057684468,302.888790861
dtlz1,m=5,nsga2,28,422.273268875,331.995159243
dtlz1,m=5,nsga2,29,349.128861458,287.172874244
dtlz1,m=5,hype,0,3.70593030875,3.34833699447
dtlz1,m=5,hype,1,4.03768137909,3.5488949964
dtlz1,m=5,hype,2,3.25305709299,2.93875252018
dtlz1,m=5,hype,3,2.18088425153,2.10908908345
dtlz1,m=5,hype,4,4.62297358875,4.40430648264
dtlz1,m=5,hype,5,3.71483815602,3.45430841054
dtlz1,m=5,hype,6,4.79697672201,4.55833222309
dtlz1,m=5,hype,7,7.10343105323,6.24151705815
dtlz1,m=5,hype,8,8.7942026309,8.70378038217
dtlz1,m=5,hype,9,9.15803536646,8.45352920662
dtlz1,m=5,hype,10,2.08087592395,1.77928111782
dtlz1,m=5,hype,11,10.6602735675,9.52634078669
dtlz1,m=5,hype,12,5.23989321316,4.60206835609
dtlz1,m=5,hype,13,2.8114937446,2.66663476098
dtlz1,m=5,hype,14,12.2379865047,11.2293940154
dtlz1,m=5,hype,15,2.62021230456,2.56236770219
dtlz1,m=5,hype,16,7.02374155588,6.61740322878
dtlz1,m=5,hype,17,7.9164152156,6.90397969697
dtlz1,m=5,hype,18,10.0448344733,9.06812811679
dtlz1,m=5,hype,19,8.28262990938,7.45029354822
dtlz1,m=5,hype,20,13.5535885516,12.3285273188
dtlz1,m=5,hype,21,31.124265052,26.9519486479
dtlz1,m=5,hype,22,3.84719236526,3.36481583494
dtlz1,m=5,hype,23,1.75539102102,1.6082879583
dtlz1,m=5,hype,24,13.6057614789,13.591269215
dtlz1,m=5,hype,25,4.14691380218,3.5515593508
dtlz1,m=5,hype,26,3.5990097253,3.3924315195
dtlz1,m=5,hype,27,1.85522821566,1.77706526993
dtlz1,m=5,hype,28,4.64679906208,4.01462977132
dtlz1,m=5,hype,29,3.41834313921,3.04016097315
dtlz1,m=25,lex,0,0.568286,1.0185955402
dtlz1,m=25,lex,1,2.520848,2.96674054476
dtlz1,m=25,lex,2,0.01821,0.476339607331
dtlz1,m=25,lex,3,1.165047,1.61287345957
dtlz1,m=25,lex,4,0.699559,1.1491015374
dtlz1,m=25,lex,5,24.99212,25.4359813898
dtlz1,m=25,lex,6,1.073203,1.52128504681
dtlz1,m=25,lex,7,0.534336,0.984877084265
dtlz1,m=25,lex,8,13.18911,13.6332034736
dtlz1,m=25,lex,9,13.07989,13.5239875129
dtlz1,m=25,lex,10,0.667969,1.11767969817
dtlz1,m=25,lex,11,0.0869786,0.543271274394
dtlz1,m=25,lex,12,0.3053472,0.757990117501
dtlz1,m=25,lex,13,12.58571,13.0298266353
dtlz1,m=25,lex,14,0.0042413,0.462809855115
dtlz1,m=25,lex,15,0.533766,0.98431110762
dtlz1,m=25,lex,16,0.51931,0.969958720684
dtlz1,m=25,lex,17,0.519842,0.970486853073
dtlz1,m=25,lex,18,15.02675,15.4707840649
dtlz1,m=25,lex,19,2.560884,3.00674592985
dtlz1,m=25,lex,20,13.08765,13.5317472237
dtlz1,m=25,lex,21,12.50196,12.9460800207
dtlz1,m=25,lex,22,25.00015,25.4440113052
dtlz1,m=25,lex,23,12.50185,12.9459700251
dtlz1,m=25,lex,24,2.009593,2.45596421794
dtlz1,m=25,lex,25,1.174766,1.62256710373
dtlz1,m=25,lex,26,13.01193,13.4560300593
dtlz1,m=25,lex,27,12.49367,12.9377903581
dtlz1,m=25,lex,28,0.0274199,0.485273704813
dtlz1,m=25,lex,29,14.49927,14.9433196226
dtlz1,m=25,nsga2,0,496.338340323,412.304992118
dtlz1,m=25,nsga2,1,475.381692679,397.810114817
dtlz1,m=25,nsga2,2,497.873667364,421.729184242
dtlz1,m=25,nsga2,3,447.118110851,383.32037833
dtlz1,m=25,nsga2,4,477.441445909,396.876625917
dtlz1,m=25,nsga2,5,483.63034945,396.540537105
dtlz1,m=25,nsga2,6,493.478800447,422.720764471
dtlz1,m=25,nsga2,7,472.877185779,401.242175666
dtlz1,m=25,nsga2,8,485.431100236,404.432928997
dtlz1,m=25,nsga2,9,498.949482611,405.122515892
dtlz1,m=25,nsga2,10,456.132522737,393.332084462
dtlz1,m=25,nsga2,11,503.896880942,411.581601715
dtlz1,m=25,nsga2,12,495.397320595,416.957405867
dtlz1,m=25,nsga2,13,490.124002857,392.055757788
dtlz1,m=25,nsga2,14,509.558770075,421.352308646
dtlz1,m=25,nsga2,15,512.900075237,415.483781219
dtlz1,m=25,nsga2,16,475.328971444,398.683954906
dtlz1,m=25,nsga2,17,484.261209453,367.1023902
dtlz1,m=25,nsga2,18,475.254616918,396.171609885
dtlz1,m=25,nsga2,19,479.33844983,393.724739163
dtlz1,m=25,nsga2,20,487.085585636,408.809984909
dtlz1,m=25,nsga2,21,445.88804463,375.599130332
dtlz1,m=25,nsga2,22,450.287544852,364.084389215
dtlz1,m=25,nsga2,23,468.360831834,392.063427524
dtlz1,m=25,nsga2,24,494.996042656,405.536606104
dtlz1,m=25,nsga2,25,469.527495964,390.8030355
dtlz1,m=25,nsga2,26,488.934800608,403.539611454
dtlz1,m=25,nsga2,27,441.310715516,373.258653077
dtlz1,m=25,nsga2,28,470.353760776,396.479709039
dtlz1,m=25,nsga2,29,485.849167032,395.519100928
dtlz1,m=25,hype,0,2.8621092127,3.08035230531
dtlz1,m=25,hype,1,9.99392335279,9.93743750339
dtlz1,m=25,hype,2,2.27428013035,2.17879669729
dtlz1,m=25,hype,3,5.10348046953,5.17618893001
dtlz1,m=25,hype,4,3.30335455191,2.96528785276
dtlz1,m=25,hype,5,16.5945663173,14.9059647655
dtlz1,m=25,hype,6,11.8661835019,11.0557819802
dtlz1,m=25,hype,7,2.8361910312,2.74418934358
dtlz1,m=25,hype,8,5.61898816156,4.61112675027
dtlz1,m=25,hype,9,7.76318917601,7.09939195216
dtlz1,m=25,hype,10,12.0469023153,10.8736059951
dtlz1,m=25,hype,11,3.18580028073,3.26490860936
dtlz1,m=25,hype,12,10.059456735,8.21433923844
dtlz1,m=25,hype,13,2.81607753075,2.96527096539
dtlz1,m=25,hype,14,2.2070681282,2.07300276044
dtlz1,m=25,hype,15,7.41312460331,7.409600452
dtlz1,m=25,hype,16,9.5651740553,8.80734119685
dtlz1,m=25,hype,17,8.22077618131,7.1080469959
dtlz1,m=25,hype,18,7.34024369585,6.19492914862
dtlz1,m=25,hype,19,1.65487614489,1.79590371821
dtlz1,m=25,hype,20,3.55434010278,3.64917564189
dtlz1,m=25,hype,21,7.82355107642,7.46686405882
dtlz1,m=25,hype,22,13.8704607205,10.5246505454
dtlz1,m=25,hype,23,8.20202979453,8.03591507627
dtlz1,m=25,hype,24,4.42676805035,4.09849953811
dtlz1,m=25,hype,25,12.1393674525,11.7664533735
dtlz1,m=25,hype,26,3.61242036131,3.4757735598
dtlz1,m=25,hype,27,3.66676018661,3.66744109067
dtlz1,m=25,hype,28,5.57231509215,5.69497337924
dtlz1,m=25,hype,29,6.99295261916,6.96988502353
dtlz1,m=50,lex,0,0.0040539,0.485903122569
dtlz1,m=50,lex,1,24.99231,25.467266535
dtlz1,m=50,lex,2,0.0044083,0.486252469611
dtlz1,m=50,lex,3,0.521881,1.00014711657
dtlz1,m=50,lex,4,0.0483604544691,0.521817085566
dtlz1,m=50,lex,5,12.49787,12.9729571862
dtlz1,m=50,lex,6,0.0020715,0.4839491227
dtlz1,m=50,lex,7,12.49572,12.9708072304
dtlz1,m=50,lex,8,0.0149105,0.496608181715
dtlz1,m=50,lex,9,0.0009992,0.482892281096
dtlz1,m=50,lex,10,0.0022748,0.48414949957
dtlz1,m=50,lex,11,0.0022792,0.484153836332
dtlz1,m=50,lex,12,12.4943797895,12.9694670474
dtlz1,m=50,lex,13,12.4953,12.970387239
dtlz1,m=50,lex,14,0.0057901,0.487614637858
dtlz1,m=50,lex,15,0.0076921,0.489489795423
dtlz1,m=50,lex,16,0.500122,0.978462612337
dtlz1,m=50,lex,17,0.0247762,0.506341768778
dtlz1,m=50,lex,18,0.0079976,0.489791003275
dtlz1,m=50,lex,19,0.0177402,0.499399458521
dtlz1,m=50,lex,20,0.0060012,0.487822748404
dtlz1,m=50,lex,21,12.4993894958,12.6785552411
dtlz1,m=50,lex,22,12.49539,12.9704772372
dtlz1,m=50,lex,23,24.98742,25.462376561
dtlz1,m=50,lex,24,0.004826,0.486664223517
dtlz1,m=50,lex,25,0.0001016,0.4820076735
dtlz1,m=50,lex,26,12.49546,12.9705472357
dtlz1,m=50,lex,27,0.0025735,0.48444390916
dtlz1,m=50,lex,28,12.49402,12.9691072653
dtlz1,m=50,lex,29,0.506126,0.984445728177
dtlz1,m=50,nsga2,0,495.405031816,385.847229422
dtlz1,m=50,nsga2,1,493.068418591,377.205725813
dtlz1,m=50,nsga2,2,520.896353299,394.081320732
dtlz1,m=50,nsga2,3,498.732245718,372.345471079
dtlz1,m=50,nsga2,4,522.071461732,410.358432544
dtlz1,m=50,nsga2,5,510.610393657,412.315025902
dtlz1,m=50,nsga2,6,498.155411901,371.711673847
dtlz1,m=50,nsga2,7,507.791794165,399.734426122
dtlz1,m=50,nsga2,8,493.296086304,379.20034874
dtlz1,m=50,nsga2,9,510.760215833,392.951386898
dtlz1,m=50,nsga2,10,496.481478552,371.023148284
dtlz1,m=50,nsga2,11,507.599234638,388.685147391
dtlz1,m=50,nsga2,12,499.260370267,378.780792352
dtlz1,m=50,nsga2,13,506.539534715,386.108386478
dtlz1,m=50,nsga2,14,505.37252987,399.150281936
dtlz1,m=50,nsga2,15,508.709431323,380.101886953
dtlz1,m=50,nsga2,16,524.665563788,406.026899353
dtlz1,m=50,nsga2,17,486.128890422,367.23220038
dtlz1,m=50,nsga2,18,489.99088833,367.831282774
dtlz1,m=50,nsga2,19,500.880287084,389.353524909
dtlz1,m=50,nsga2,20,508.855602642,393.254840641
dtlz1,m=50,nsga2,21,521.016035655,408.341826122
dtlz1,m=50,nsga2,22,517.201278976,394.849788949
dtlz1,m=50,nsga2,23,494.418057159,378.007931425
dtlz1,m=50,nsga2,24,515.510411231,395.582335664
dtlz1,m=50,nsga2,25,490.091621654,385.311037259
dtlz1,m=50,nsga2,26,530.21776422,406.618738624
dtlz1,m=50,nsga2,27,499.138599558,394.262294055
dtlz1,m=50,nsga2,28,488.215372253,385.686822398
dtlz1,m=50,nsga2,29,505.678262818,386.896328482
dtlz1,m=50,hype,0,5.75142040499,5.06429360003
dtlz1,m=50,hype,1,3.81452020743,4.09831085744
dtlz1,m=50,hype,2,1.08060537093,1.31715977101
dtlz1,m=50,hype,3,1.5975013785,1.85487418783
dtlz1,m=50,hype,4,8.33658467976,8.05836334755
dtlz1,m=50,hype,5,5.20001968758,4.5130434082
dtlz1,m=50,hype,6,6.59665308235,5.38985860125
dtlz1,m=50,hype,7,1.28911558833,1.42955120058
dtlz1,m=50,hype,8,0.600913164815,0.94785142822
dtlz1,m=50,hype,9,2.4057822375,2.55845749737
dtlz1,m=50,hype,10,3.39437708596,3.67725507847
dtlz1,m=50,hype,11,4.32659548454,3.50520425067
dtlz1,m=50,hype,12,12.9235206211,12.6103759217
dtlz1,m=50,hype,13,6.01588607413,5.23088110293
dtlz1,m=50,hype,14,3.78881332894,3.70188819927
dtlz1,m=50,hype,15,3.22274156426,3.32995122291
dtlz1,m=50,hype,16,8.57582681158,7.59226606931
dtlz1,m=50,hype,17,7.22247448054,6.56236933186
dtlz1,m=50,hype,18,8.48714075796,7.47384882351
dtlz1,m=50,hype,19,3.87078085483,3.66089426586
dtlz1,m=50,hype,20,5.83907529517,6.05641032863
dtlz1,m=50,hype,21,7.27994489429,6.96924973868
dtlz1,m=50,hype,22,5.95905814566,5.65163348701
dtlz1,m=50,hype,23,2.55495296353,2.57642543899
dtlz1,m=50,hype,24,6.40479260059,6.68184607375
dtlz1,m=50,hype,25,3.26024619437,3.5574790252
dtlz1,m=50,hype,26,2.36725720687,2.25081912546
dtlz1,m=50,hype,27,1.63714208518,1.81064301819
dtlz1,m=50,hype,28,1.03611180005,1.27205781858
dtlz1,m=50,hype,29,2.66493217741,2.65341611618
dtlz1,m=75,lex,0,0.0016638,0.490689020137
dtlz1,m=75,lex,1,0.0033681,0.492377837382
dtlz1,m=75,lex,2,13.1067578393,13.3688903764
dtlz1,m=75,lex,3,0.0015786,0.490604596948
dtlz1,m=75,lex,4,0.0016834,0.490708441471
dtlz1,m=75,lex,5,0.0003903,0.489427159348
dtlz1,m=75,lex,6,0.0014041,0.490431688792
dtlz1,m=75,lex,7,0.0022638,0.491283557226
dtlz1,m=75,lex,8,0.0033632,0.492372981743
dtlz1,m=75,lex,9,12.49381,12.9781828052
dtlz1,m=75,lex,10,0.0002357,0.489273976427
dtlz1,m=75,lex,11,12.49737,12.9817427547
dtlz1,m=75,lex,12,0.000908,0.489940120539
dtlz1,m=75,lex,13,0.00284,0.491854523499
dtlz1,m=75,lex,14,0.0014014,0.490429013432
dtlz1,m=75,lex,15,0.0027024,0.491718172234
dtlz1,m=75,lex,16,0.0004231,0.488600351562
dtlz1,m=75,lex,17,0.0019327,0.490955470198
dtlz1,m=75,lex,18,0.0014976,0.490524335716
dtlz1,m=75,lex,19,12.49816,12.9825327435
dtlz1,m=75,lex,20,0.0260218,0.514835431924
dtlz1,m=75,lex,21,0.0013326,0.490360841364
dtlz1,m=75,lex,22,0.0006305,0.489665159418
dtlz1,m=75,lex,23,0.0054263,0.494417481258
dtlz1,m=75,lex,24,0.001344,0.490372137305
dtlz1,m=75,lex,25,0.0035808,0.49258861259
dtlz1,m=75,lex,26,12.4936784507,12.9780512578
dtlz1,m=75,lex,27,0.0023703,0.491389088947
dtlz1,m=75,lex,28,12.49695,12.9813227607
dtlz1,m=75,lex,29,0.0004529,0.489489185803
dtlz1,m=75,nsga2,0,513.551512223,371.297833331
dtlz1,m=75,nsga2,1,533.66043961,383.621040999
dtlz1,m=75,nsga2,2,517.413319405,384.977040104
dtlz1,m=75,nsga2,3,508.281273165,369.411770105
dtlz1,m=75,nsga2,4,517.898995889,382.003937164
dtlz1,m=75,nsga2,5,527.21822356,371.592252383
dtlz1,m=75,nsga2,6,526.272401505,382.809510088
dtlz1,m=75,nsga2,7,520.663547785,387.388797185
dtlz1,m=75,nsga2,8,527.232437464,367.525364108
dtlz1,m=75,nsga2,9,508.226577171,370.13096242
dtlz1,m=75,nsga2,10,505.548192739,368.947550039
dtlz1,m=75,nsga2,11,514.245532123,367.375879918
dtlz1,m=75,nsga2,12,515.523411203,374.177620637
dtlz1,m=75,nsga2,13,524.28592069,376.421360732
dtlz1,m=75,nsga2,14,509.301201474,370.28521761
dtlz1,m=75,nsga2,15,520.895388757,380.498948005
dtlz1,m=75,nsga2,16,523.454026686,366.954050447
dtlz1,m=75,nsga2,17,521.881448531,383.07196457
dtlz1,m=75,nsga2,18,532.114864136,374.337607307
dtlz1,m=75,nsga2,19,521.67947743,381.634967039
dtlz1,m=75,nsga2,20,530.942548304,384.620109943
dtlz1,m=75,nsga2,21,511.127130075,358.831364167
dtlz1,m=75,nsga2,22,518.638323661,370.824679396
dtlz1,m=75,nsga2,23,517.779646967,369.548891262
dtlz1,m=75,nsga2,24,517.351195763,382.798495366
dtlz1,m=75,nsga2,25,520.15182244,367.684916304
dtlz1,m=75,nsga2,26,519.083097147,365.307742009
dtlz1,m=75,nsga2,27,529.231358887,375.46234279
dtlz1,m=75,nsga2,28,510.36785524,365.500817615
dtlz1,m=75,nsga2,29,525.158548385,388.951610225
dtlz1,m=75,hype,0,3.07238186511,3.1320667836
dtlz1,m=75,hype,1,0.856752671566,1.15048169671
dtlz1,m=75,hype,2,3.18051994033,3.02007979638
dtlz1,m=75,hype,3,1.48202937231,1.43459555599
dtlz1,m=75,hype,4,3.10813146337,3.19652178808
dtlz1,m=75,hype,5,20.1614242941,17.7206183479
dtlz1,m=75,hype,6,3.50569588024,3.32727188437
dtlz1,m=75,hype,7,1.04604396688,1.33144236305
dtlz1,m=75,hype,8,9.98686233586,9.81147877259
dtlz1,m=75,hype,9,2.74471858966,2.68612278499
dtlz1,m=75,hype,10,0.626560135246,0.899463698044
dtlz1,m=75,hype,11,4.51874337288,4.26650023244
dtlz1,m=75,hype,12,0.518631561997,0.870487789093
dtlz1,m=75,hype,13,2.16014989033,2.16847656183
dtlz1,m=75,hype,14,4.03344361497,3.59698011024
dtlz1,m=75,hype,15,3.58459609529,3.5246875779
dtlz1,m=75,hype,16,10.9239925633,10.766108572
dtlz1,m=100,lex,0,0.0020268,0.493922922284
dtlz1,m=100,lex,1,0.0008878,0.492792419691
dtlz1,m=100,lex,2,12.49639,12.9847490462
dtlz1,m=100,lex,3,0.000352,0.492260630528
dtlz1,m=100,lex,4,12.49367,12.9820290754
dtlz1,m=100,lex,5,0.0007969,0.492702199529
dtlz1,m=100,lex,6,0.0004029,0.492311149132
dtlz1,m=100,lex,7,12.49394,12.9822990725
dtlz1,m=100,lex,8,12.49433,12.9826890683
dtlz1,m=100,lex,9,6.07e-05,0.491971514764
dtlz1,m=100,lex,10,0.0014415,0.49334198398
dtlz1,m=100,lex,11,24.98813,25.4764207313
dtlz1,m=100,lex,12,0.0002334,0.492142919508
dtlz1,m=100,lex,13,0.0003405,0.492249216709
dtlz1,m=100,lex,14,0.0001877,0.492097562171
dtlz1,m=100,lex,15,0.0008072,0.492712422483
dtlz1,m=100,lex,16,0.0010912,0.492994299375
dtlz1,m=100,lex,17,9.40000000005e-06,0.49192059969
dtlz1,m=100,lex,18,0.001267,0.493168786361
dtlz1,m=100,lex,19,0.0021253,0.494020689268
dtlz1,m=100,lex,20,2.98e-05,0.491940846611
dtlz1,m=100,lex,21,12.49434,12.9826990682
dtlz1,m=100,lex,22,0.0001885,0.492098356172
dtlz1,m=100,lex,23,0.0006081,0.492514812356
dtlz1,m=100,lex,24,0.0004664,0.492374173434
dtlz1,m=100,lex,25,12.49504,12.9833990607
dtlz1,m=100,lex,26,0.0003458,0.49225447699
dtlz1,m=100,lex,27,37.4813,37.9695673665
dtlz1,m=100,lex,28,4.18e-05,0.49195275657
dtlz1,m=100,lex,29,0.0009086,0.492813064164
dtlz1,m=100,nsga2,0,516.874221215,359.594968563
dtlz1,m=100,nsga2,1,508.37455733,343.567627168
dtlz1,m=100,nsga2,2,511.674509886,345.745811993
dtlz1,m=100,nsga2,3,514.006082533,331.81767291
dtlz1,m=100,nsga2,4,524.627004824,364.934910587
dtlz1,m=100,nsga2,5,522.39922182,349.402295041
dtlz1,m=100,nsga2,6,536.193479962,371.794457206
dtlz1,m=100,nsga2,7,509.13303621,348.543418708
dtlz1,m=100,nsga2,8,503.28785585,345.821425424
dtlz1,m=100,nsga2,9,504.669586454,342.932693875
dtlz1,m=100,nsga2,10,517.238202088,354.172705379
dtlz1,m=100,nsga2,11,521.543128119,357.141516436
dtlz1,m=100,nsga2,12,524.224545291,364.748064385
dtlz1,m=100,nsga2,13,508.511064631,339.242855334
dtlz1,m=100,nsga2,14,517.52022149,356.645358004
dtlz1,m=100,nsga2,15,502.7542842,342.326417976
dtlz1,m=100,nsga2,16,509.467701062,343.519521811
dtlz1,m=100,nsga2,17,523.168855375,356.887253754
dtlz1,m=100,nsga2,18,529.64075758,354.778123725
dtlz1,m=100,nsga2,19,530.772146049,352.275436464
dtlz1,m=100,nsga2,20,508.314740721,353.855253845
dtlz1,m=100,nsga2,21,515.446788038,344.8494013
dtlz1,m=100,nsga2,22,537.323620743,367.021125175
dtlz1,m=100,nsga2,23,524.064797981,352.046436546
dtlz1,m=100,nsga2,24,522.494904407,356.720117256
dtlz1,m=100,nsga2,25,527.413937899,362.148660715
dtlz1,m=100,nsga2,26,516.728498907,347.008021801
dtlz1,m=100,nsga2,27,522.606239167,346.04998372
dtlz1,m=100,nsga2,28,511.191065157,349.484103944
dtlz1,m=100,nsga2,29,506.29648861,338.681720146
dtlz1,m=100,hype,0,53.9377457114,51.0276772909
dtlz1,m=100,hype,1,6.53346161649,6.65617314416
dtlz1,m=100,hype,2,79.5558567534,70.7427246219
dtlz1,m=100,hype,3,1.592194324,1.82707408267
dtlz1,m=100,hype,4,18.2744905572,17.6898223762
dtlz1,m=100,hype,5,55.4058551262,51.4406173452
dtlz1,m=100,hype,6,7.81268738372,7.65092436742
dtlz1,m=100,hype,7,49.2983835517,46.1205396122
dtlz1,m=100,hype,8,6.76806027759,6.76928959754
dtlz1,m=100,hype,9,19.6077027523,18.9081609267
dtlz1,m=100,hype,10,6.86423715569,6.54105985815
dtlz1,m=100,hype,11,24.7745253706,22.9950197882
dtlz1,m=100,hype,12,57.764955488,54.5263968021
dtlz1,m=100,hype,13,51.5597651843,48.9871951265
dtlz1,m=100,hype,14,40.4584650907,38.5255856023
dtlz1,m=100,hype,15,16.9680356837,16.4521178592
dtlz1,m=100,hype,16,6.82091740919,6.84916014607
dtlz1,m=100,hype,17,28.4298764386,27.4234005737
dtlz1,m=100,hype,18,26.6115847536,24.6764213685
dtlz1,m=100,hype,19,18.1378112547,17.4831508313
dtlz1,m=100,hype,20,58.2174667841,54.3482451871
dtlz1,m=100,hype,21,9.9476754818,9.76543023979
dtlz2,m=5,lex,0,4.30948874541e-06,0.157743412715
dtlz2,m=5,lex,1,1.18416559941e-05,0.166347261592
dtlz2,m=5,lex,2,0.000189800812188,0.163882091038
dtlz2,m=5,lex,3,0.0001402260824,0.159455294797
dtlz2,m=5,lex,4,4.81492476856e-06,0.17142974739
dtlz2,m=5,lex,5,0.000713345639882,0.166891513941
dtlz2,m=5,lex,6,3.2142857777e-06,0.152485626204
dtlz2,m=5,lex,7,4.50338582933e-05,0.16828086639
dtlz2,m=5,lex,8,1.48990648825e-06,0.145597718863
dtlz2,m=5,lex,9,3.05185793738e-05,0.160328800713
dtlz2,m=5,lex,10,2.4876203973e-06,0.164785876292
dtlz2,m=5,lex,11,0.000313312269266,0.175161350319
dtlz2,m=5,lex,12,1.28682399196e-05,0.15855446998
dtlz2,m=5,lex,13,2.25491345498e-05,0.144538016172
dtlz2,m=5,lex,14,1.41507769213e-05,0.167226853169
dtlz2,m=5,lex,15,3.20614486043e-05,0.164433999304
dtlz2,m=5,lex,16,5.8635503698e-05,0.168196236995
dtlz2,m=5,lex,17,3.77340057607e-05,0.169134851991
dtlz2,m=5,lex,18,1.3897005751e-05,0.165376979049
dtlz2,m=5,lex,19,6.04976526782e-05,0.165355432442
dtlz2,m=5,lex,20,1.84471196441e-06,0.162898489971
dtlz2,m=5,lex,21,1.07513286566e-06,0.159724478658
dtlz2,m=5,lex,22,2.52641509951e-05,0.172016980837
dtlz2,m=5,lex,23,2.04818237156e-07,0.168830858993
dtlz2,m=5,lex,24,2.44598631909e-07,0.163233964796
dtlz2,m=5,lex,25,1.45284896541e-05,0.161549988066
dtlz2,m=5,lex,26,6.88928877531e-06,0.166606883839
dtlz2,m=5,lex,27,1.7840003913e-06,0.15808088503
dtlz2,m=5,lex,28,1.99508794728e-05,0.17250057168
dtlz2,m=5,lex,29,1.66971485512e-06,0.165101570064
dtlz2,m=5,nsga2,0,5.00102105241,1.43942759675
dtlz2,m=5,nsga2,1,6.47587286517,1.72810159328
dtlz2,m=5,nsga2,2,6.33402340607,1.68247672465
dtlz2,m=5,nsga2,3,7.55529829851,1.91982332217
dtlz2,m=5,nsga2,4,8.73095664779,2.10972388543
dtlz2,m=5,nsga2,5,7.71548410767,1.94499035473
dtlz2,m=5,nsga2,6,6.29944837885,1.68267459359
dtlz2,m=5,nsga2,7,6.33913949689,1.66273229312
dtlz2,m=5,nsga2,8,7.37930548445,1.87224878411
dtlz2,m=5,nsga2,9,6.63745718127,1.74544891464
dtlz2,m=5,nsga2,10,5.44741513064,1.51962079038
dtlz2,m=5,nsga2,11,6.52306646418,1.71141175159
dtlz2,m=5,nsga2,12,5.6990650081,1.54214875126
dtlz2,m=5,nsga2,13,6.73023526618,1.77124890778
dtlz2,m=5,nsga2,14,6.77556600585,1.75966512576
dtlz2,m=5,nsga2,15,7.33569188325,1.87527344523
dtlz2,m=5,nsga2,16,7.62673804084,1.91911293097
dtlz2,m=5,nsga2,17,5.88859744161,1.57298162769
dtlz2,m=5,nsga2,18,5.27282558951,1.46237305741
dtlz2,m=5,nsga2,19,7.15922257024,1.84505229758
dtlz2,m=5,nsga2,20,5.71779250652,1.55883218863
dtlz2,m=5,nsga2,21,6.79037157185,1.76745647191
dtlz2,m=5,nsga2,22,6.29492723906,1.68825792428
dtlz2,m=5,nsga2,23,8.12720521169,2.01761992747
dtlz2,m=5,nsga2,24,7.18644205425,1.84440727803
dtlz2,m=5,nsga2,25,8.03730575681,2.00528193478
dtlz2,m=5,nsga2,26,5.56954535364,1.51857933348
dtlz2,m=5,nsga2,27,5.56686033364,1.54211723627
dtlz2,m=5,nsga2,28,7.19963269814,1.84481499499
dtlz2,m=5,nsga2,29,6.03875455457,1.6267088608
dtlz2,m=5,hype,0,0.0141300124595,0.11061359179
dtlz2,m=5,hype,1,0.00897905165943,0.117178919586
dtlz2,m=5,hype,2,0.0320708693845,0.107447313134
dtlz2,m=5,hype,3,0.00635668569932,0.125604818136
dtlz2,m=5,hype,4,0.0318102056868,0.111144375064
dtlz2,m=5,hype,5,0.00102291872483,0.119401777391
dtlz2,m=5,hype,6,0.0401703428513,0.113577455318
dtlz2,m=5,hype,7,0.00931104816823,0.113240300798
dtlz2,m=5,hype,8,0.0279348226468,0.107930842098
dtlz2,m=5,hype,9,0.0144382955651,0.118915338105
dtlz2,m=5,hype,10,0.0107612512679,0.117771611483
dtlz2,m=5,hype,11,0.0107054912261,0.116118939918
dtlz2,m=5,hype,12,0.00534629335671,0.116933224954
dtlz2,m=5,hype,13,0.0183522703287,0.106104181876
dtlz2,m=5,hype,14,0.0270920236219,0.104004155273
dtlz2,m=5,hype,15,0.00186372949877,0.132573859997
dtlz2,m=5,hype,16,0.0301834176372,0.10588230293
dtlz2,m=5,hype,17,0.00543350174642,0.114210861189
dtlz2,m=5,hype,18,0.00881826116663,0.119662154188
dtlz2,m=5,hype,19,0.00486533656709,0.0937808706481
dtlz2,m=5,hype,20,0.0238514509045,0.0962417863334
dtlz2,m=5,hype,21,0.0114495752831,0.117570171812
dtlz2,m=5,hype,22,0.0183211403175,0.0994263121491
dtlz2,m=5,hype,23,0.0258715211888,0.104219222825
dtlz2,m=5,hype,24,0.0107480604345,0.124226045598
dtlz2,m=5,hype,25,0.0236239744689,0.112077017158
dtlz2,m=5,hype,26,0.00757517404492,0.122701251151
dtlz2,m=5,hype,27,0.0102052705758,0.118898767897
dtlz2,m=5,hype,28,0.0127875869792,0.132075235869
dtlz2,m=5,hype,29,0.0179187908693,0.118124718098
dtlz2,m=25,lex,0,2.13804826875e-05,1.03773795038
dtlz2,m=25,lex,1,8.250680625e-06,1.03773454363
dtlz2,m=25,lex,2,0.0,1.03773240307
dtlz2,m=25,lex,3,0.0,1.03773240307
dtlz2,m=25,lex,4,2.00000099992e-06,1.03773292193
dtlz2,m=25,lex,5,0.0,1.03773240307
dtlz2,m=25,lex,6,0.0,1.03773240307
dtlz2,m=25,lex,7,3.11112200002e-07,1.03773248378
dtlz2,m=25,lex,8,0.0,1.03773240307
dtlz2,m=25,lex,9,0.0,1.03773240307
dtlz2,m=25,lex,10,0.0,1.03773240307
dtlz2,m=25,lex,11,0.0,1.03773240307
dtlz2,m=25,lex,12,0.0,1.03773240307
dtlz2,m=25,lex,13,0.0,1.03773240307
dtlz2,m=25,lex,14,0.0,1.03773240307
dtlz2,m=25,lex,15,8.55569404468e-05,1.03775460561
dtlz2,m=25,lex,16,0.00056581789513,1.03787939242
dtlz2,m=25,lex,17,0.0,1.03773240307
dtlz2,m=25,lex,18,0.0,1.03773240307
dtlz2,m=25,lex,19,0.0,1.03773240307
dtlz2,m=25,lex,20,0.0,1.03773240307
dtlz2,m=25,lex,21,0.0,1.03773240307
dtlz2,m=25,lex,22,0.0,1.03773240307
dtlz2,m=25,lex,23,0.000106595353791,1.03776006087
dtlz2,m=25,lex,24,0.0,1.03773240307
dtlz2,m=25,lex,25,0.0,1.03773240307
dtlz2,m=25,lex,26,1.64447486667e-06,1.0377328297
dtlz2,m=25,lex,27,0.0,1.03773240307
dtlz2,m=25,lex,28,0.0,1.03773240307
dtlz2,m=25,lex,29,0.0,1.03773240307
dtlz2,m=25,nsga2,0,9.9376230386,2.87910101382
dtlz2,m=25,nsga2,1,9.69419754043,2.81745412448
dtlz2,m=25,nsga2,2,9.94115350317,2.89355242671
dtlz2,m=25,nsga2,3,9.72997895217,2.81249954109
dtlz2,m=25,nsga2,4,10.6749026065,2.98531548077
dtlz2,m=25,nsga2,5,10.6265920814,3.01154777351
dtlz2,m=25,nsga2,6,10.2846195581,2.94410808538
dtlz2,m=25,nsga2,7,9.64515658493,2.83998420454
dtlz2,m=25,nsga2,8,10.237855313,2.9277327574
dtlz2,m=25,nsga2,9,9.9766697932,2.8879868214
dtlz2,m=25,nsga2,10,9.48706877958,2.7957950222
dtlz2,m=25,nsga2,11,10.3803898162,2.9568405265
dtlz2,m=25,nsga2,12,10.7993231849,3.02945422423
dtlz2,m=25,nsga2,13,9.72960011068,2.82561907596
dtlz2,m=25,nsga2,14,10.1990963109,2.93325931371
dtlz2,m=25,nsga2,15,10.5757840154,2.9847965426
dtlz2,m=25,nsga2,16,10.0655415782,2.91469259147
dtlz2,m=25,nsga2,17,9.84723286356,2.85543196618
dtlz2,m=25,nsga2,18,10.2830542891,2.93845603593
dtlz2,m=25,nsga2,19,10.0489628343,2.91135184765
dtlz2,m=25,nsga2,20,10.3011162747,2.90551475005
dtlz2,m=25,nsga2,21,10.5514569608,2.96576135413
dtlz2,m=25,nsga2,22,10.1416789135,2.91322001437
dtlz2,m=25,nsga2,23,9.31171356758,2.76926192169
dtlz2,m=25,nsga2,24,10.1750801984,2.90876977109
dtlz2,m=25,nsga2,25,9.99549117511,2.90670481489
dtlz2,m=25,nsga2,26,9.77039393272,2.84925467707
dtlz2,m=25,nsga2,27,9.46880588186,2.76591203209
dtlz2,m=25,nsga2,28,10.1994813905,2.90089167696
dtlz2,m=25,nsga2,29,10.0805220038,2.88551946295
dtlz2,m=25,hype,0,0.0401064220333,0.988182519045
dtlz2,m=25,hype,1,0.032187851557,1.03032820328
dtlz2,m=25,hype,2,0.0134898676553,0.993841064845
dtlz2,m=25,hype,3,0.0144848581178,1.01821372655
dtlz2,m=25,hype,4,0.057619334334,1.02135360764
dtlz2,m=25,hype,5,0.0532950732691,1.02732921641
dtlz2,m=25,hype,6,0.13163210654,0.99522144933
dtlz2,m=25,hype,7,0.118220135425,1.01898887634
dtlz2,m=25,hype,8,0.00922337924597,1.03261274921
dtlz2,m=25,hype,9,0.0321172352108,1.00008665445
dtlz2,m=25,hype,10,0.14578020826,1.00741359574
dtlz2,m=25,hype,11,0.0163936307069,1.00167262701
dtlz2,m=25,hype,12,0.00963715637754,1.03243036604
dtlz2,m=25,hype,13,0.0140949950515,1.04370002556
dtlz2,m=25,hype,14,0.0263819989338,1.00004014737
dtlz2,m=25,hype,15,0.0652525811995,1.00755335065
dtlz2,m=25,hype,16,0.0139972193326,0.985814212409
dtlz2,m=25,hype,17,0.00729061884419,0.980893511647
dtlz2,m=25,hype,18,0.0256819101538,0.972659480629
dtlz2,m=25,hype,19,0.00615961882963,1.02505192043
dtlz2,m=25,hype,20,0.0263548368367,1.02956809254
dtlz2,m=25,hype,21,0.0534325676451,1.02253385473
dtlz2,m=25,hype,22,0.0777386881898,1.02179870415
dtlz2,m=25,hype,23,0.00799826500032,1.01185612795
dtlz2,m=25,hype,24,0.0593795973543,0.998406994774
dtlz2,m=25,hype,25,0.0686127792338,1.02535786045
dtlz2,m=25,hype,26,0.0281956031983,1.03313110508
dtlz2,m=25,hype,27,0.163750304075,1.03189799178
dtlz2,m=25,hype,28,0.0317713085962,1.02448108321
dtlz2,m=25,hype,29,0.0523216331358,0.985638993177
dtlz2,m=50,lex,0,0.0,1.17699582267
dtlz2,m=50,lex,1,2.05573745165e-05,1.17700187152
dtlz2,m=50,lex,2,0.0,1.17699582267
dtlz2,m=50,lex,3,0.000220296662689,1.17706063085
dtlz2,m=50,lex,4,7.9778226e-06,1.17699817011
dtlz2,m=50,lex,5,1.55060432584e-06,1.17699627893
dtlz2,m=50,lex,6,1.91119328889e-06,1.17699638503
dtlz2,m=50,lex,7,4.3481351087e-06,1.1769971021
dtlz2,m=50,lex,8,0.0,1.17699582267
dtlz2,m=50,lex,9,0.0,1.17699582267
dtlz2,m=50,lex,10,1.93548967742e-07,1.17699587962
dtlz2,m=50,lex,11,1.15072362921e-05,1.17699920863
dtlz2,m=50,lex,12,1.94539649167e-05,1.17700154695
dtlz2,m=50,lex,13,2.43962669231e-06,1.17699654052
dtlz2,m=50,lex,14,0.0,1.17699582267
dtlz2,m=50,lex,15,0.0,1.17699582267
dtlz2,m=50,lex,16,0.0,1.17699582267
dtlz2,m=50,lex,17,0.0,1.17699582267
dtlz2,m=50,lex,18,0.00013657187762,1.17703600459
dtlz2,m=50,lex,19,0.0,1.17699582267
dtlz2,m=50,lex,20,8.54643269348e-05,1.17702096848
dtlz2,m=50,lex,21,0.0,1.17699582267
dtlz2,m=50,lex,22,1.2533771117e-05,1.17699951069
dtlz2,m=50,lex,23,0.0,1.17699582267
dtlz2,m=50,lex,24,0.0,1.17699582267
dtlz2,m=50,lex,25,0.0,1.17699582267
dtlz2,m=50,lex,26,1.57900657895e-06,1.17699628729
dtlz2,m=50,lex,27,0.0,1.17699582267
dtlz2,m=50,lex,28,3.85141235106e-06,1.17699695594
dtlz2,m=50,lex,29,3.72402884505e-05,1.17700678005
dtlz2,m=50,nsga2,0,10.4053072193,3.1035746844
dtlz2,m=50,nsga2,1,10.4224378955,3.10008405496
dtlz2,m=50,nsga2,2,10.9738006417,3.18730705325
dtlz2,m=50,nsga2,3,10.2684206059,3.06600226175
dtlz2,m=50,nsga2,4,10.4368933249,3.10615414591
dtlz2,m=50,nsga2,5,10.4598766304,3.09238161695
dtlz2,m=50,nsga2,6,10.3463394106,3.06603480465
dtlz2,m=50,nsga2,7,10.2119380441,3.0722291887
dtlz2,m=50,nsga2,8,10.3787164705,3.09324727777
dtlz2,m=50,nsga2,9,10.3953845462,3.06704192346
dtlz2,m=50,nsga2,10,10.6633264242,3.1374968347
dtlz2,m=50,nsga2,11,10.6321483684,3.12058209538
dtlz2,m=50,nsga2,12,10.7111469473,3.12847597749
dtlz2,m=50,nsga2,13,10.5922570542,3.12002454796
dtlz2,m=50,nsga2,14,11.0219165442,3.19092832614
dtlz2,m=50,nsga2,15,10.6087058074,3.10623488888
dtlz2,m=50,nsga2,16,9.98997105213,3.03108313596
dtlz2,m=50,nsga2,17,10.5755797264,3.1091662373
dtlz2,m=50,nsga2,18,10.509969148,3.10017108373
dtlz2,m=50,nsga2,19,10.6193752848,3.1243478078
dtlz2,m=50,nsga2,20,10.6553925332,3.13248997394
dtlz2,m=50,nsga2,21,10.7689798457,3.13544494607
dtlz2,m=50,nsga2,22,10.4745297679,3.11466821794
dtlz2,m=50,nsga2,23,10.4449240807,3.0886566181
dtlz2,m=50,nsga2,24,10.3724193177,3.07664959878
dtlz2,m=50,nsga2,25,10.3313945408,3.0566488711
dtlz2,m=50,nsga2,26,10.4080804695,3.09120937602
dtlz2,m=50,nsga2,27,10.4347738336,3.09925334956
dtlz2,m=50,nsga2,28,10.7961925685,3.1673056703
dtlz2,m=50,nsga2,29,10.6141519181,3.13412202867
dtlz2,m=50,hype,0,0.246494120012,1.21418627219
dtlz2,m=50,hype,1,0.0617708370696,1.16162225665
dtlz2,m=50,hype,2,0.0945162107843,1.19026284405
dtlz2,m=50,hype,3,0.0358784696159,1.17385010605
dtlz2,m=50,hype,4,0.294917505165,1.17042062
dtlz2,m=50,hype,5,0.0871402980036,1.17772043508
dtlz2,m=50,hype,6,0.0971144900815,1.18648486362
dtlz2,m=50,hype,7,0.0996727940032,1.17697813228
dtlz2,m=50,hype,8,0.0912510401381,1.18200284446
dtlz2,m=50,hype,9,0.0202878489766,1.16993661548
dtlz2,m=50,hype,10,0.0526685329447,1.17908312305
dtlz2,m=50,hype,11,0.0943027486273,1.18999361924
dtlz2,m=50,hype,12,0.0572933717708,1.16619783139
dtlz2,m=50,hype,13,0.166862187819,1.1924252568
dtlz2,m=50,hype,14,0.120834069755,1.1919090128
dtlz2,m=50,hype,15,0.024225123618,1.17386699156
dtlz2,m=50,hype,16,0.134780262902,1.1897222912
dtlz2,m=50,hype,17,0.132564392664,1.19943870664
dtlz2,m=50,hype,18,0.0410580059077,1.16635669073
dtlz2,m=50,hype,19,0.0344929115959,1.16646491181
dtlz2,m=50,hype,20,0.0597932905503,1.1754331224
dtlz2,m=50,hype,21,0.117637877901,1.15351946733
dtlz2,m=50,hype,22,0.144794255698,1.19439837598
dtlz2,m=50,hype,23,0.0910374693092,1.17294230458
dtlz2,m=50,hype,24,0.0782837066891,1.13489252034
dtlz2,m=50,hype,25,0.0610292557192,1.1670785364
dtlz2,m=50,hype,26,0.086475446292,1.1722549417
dtlz2,m=50,hype,27,0.115569757798,1.19595635102
dtlz2,m=50,hype,28,0.0229903631111,1.16532283259
dtlz2,m=50,hype,29,0.0946731101543,1.17539743909
dtlz2,m=75,lex,0,1.74085612707e-05,1.2435712944
dtlz2,m=75,lex,1,2.37142725971e-05,1.24357325438
dtlz2,m=75,lex,2,8.78462872764e-05,1.24359318772
dtlz2,m=75,lex,3,0.0,1.24356588288
dtlz2,m=75,lex,4,1.69805474964e-05,1.24357116183
dtlz2,m=75,lex,5,8.91446497059e-06,1.24356865413
dtlz2,m=75,lex,6,0.0,1.24356588288
dtlz2,m=75,lex,7,0.000127759894317,1.24360557241
dtlz2,m=75,lex,8,2.09155508222e-05,1.24357238458
dtlz2,m=75,lex,9,0.0,1.24356588288
dtlz2,m=75,lex,10,2.58037865401e-05,1.24357390359
dtlz2,m=75,lex,11,1.69874552444e-05,1.24357116351
dtlz2,m=75,lex,12,0.0,1.24356588288
dtlz2,m=75,lex,13,0.000137989311105,1.24360874895
dtlz2,m=75,lex,14,0.000108779732052,1.24359969235
dtlz2,m=75,lex,15,1.72474650584e-05,1.24357124454
dtlz2,m=75,lex,16,2.5540506e-06,1.2435666769
dtlz2,m=75,lex,17,3.52878380292e-05,1.24357685242
dtlz2,m=75,lex,18,1.33315067518e-05,1.24357002733
dtlz2,m=75,lex,19,0.000118067614,1.24360256918
dtlz2,m=75,lex,20,8.20144621522e-05,1.24359137674
dtlz2,m=75,lex,21,3.93036479478e-05,1.24357809979
dtlz2,m=75,lex,22,0.000130127258854,1.2436063029
dtlz2,m=75,lex,23,2.09105336364e-06,1.24356653296
dtlz2,m=75,lex,24,3.00752180453e-08,1.24356589223
dtlz2,m=75,lex,25,6.001206e-06,1.24356774852
dtlz2,m=75,lex,26,1.18906587429e-05,1.24356957926
dtlz2,m=75,lex,27,4.34562611304e-05,1.24357938886
dtlz2,m=75,lex,28,2.07240203261e-05,1.2435723249
dtlz2,m=75,lex,29,6.05646823944e-07,1.24356607117
dtlz2,m=75,nsga2,0,10.9370393368,3.21320945077
dtlz2,m=75,nsga2,1,10.4711452791,3.15171158073
dtlz2,m=75,nsga2,2,10.6992738975,3.19630453889
dtlz2,m=75,nsga2,3,10.6949575312,3.17257555523
dtlz2,m=75,nsga2,4,10.5192392902,3.14311862162
dtlz2,m=75,nsga2,5,10.8225280228,3.20278998559
dtlz2,m=75,nsga2,6,10.5384052458,3.13809211012
dtlz2,m=75,nsga2,7,10.6921491114,3.18174382272
dtlz2,m=75,nsga2,8,10.8250311129,3.19939684144
dtlz2,m=75,nsga2,9,10.7303688922,3.18382196302
dtlz2,m=75,nsga2,10,10.6058574741,3.17433618959
dtlz2,m=75,nsga2,11,10.5584522791,3.15213427688
dtlz2,m=75,nsga2,12,10.7598596061,3.16365130635
dtlz2,m=75,nsga2,13,10.5882382342,3.17878732008
dtlz2,m=75,nsga2,14,10.7698807701,3.16588332947
dtlz2,m=75,nsga2,15,10.7760144438,3.19886781251
dtlz2,m=75,nsga2,16,10.5864908859,3.16112726819
dtlz2,m=75,nsga2,17,10.9601089466,3.22522016397
dtlz2,m=75,nsga2,18,10.7388940537,3.18060979584
dtlz2,m=75,nsga2,19,10.7133716527,3.17095726896
dtlz2,m=75,nsga2,20,10.7086679624,3.18076822429
dtlz2,m=75,nsga2,21,10.8499175518,3.19234503919
dtlz2,m=75,nsga2,22,10.4217109681,3.13805345249
dtlz2,m=75,nsga2,23,10.6450960628,3.18083166962
dtlz2,m=75,nsga2,24,10.78020137,3.1984949782
dtlz2,m=75,nsga2,25,10.7249680239,3.16575984723
dtlz2,m=75,nsga2,26,10.8759613334,3.22082172491
dtlz2,m=75,nsga2,27,10.6971250615,3.1731469723
dtlz2,m=75,nsga2,28,10.5745041477,3.17309937734
dtlz2,m=75,nsga2,29,10.9292916807,3.219869096
dtlz2,m=75,hype,0,0.0458145490415,1.22360788497
dtlz2,m=75,hype,1,0.108731091984,1.23756066431
dtlz2,m=75,hype,2,0.137524422625,1.24944039723
dtlz2,m=75,hype,3,0.0426994936417,1.23338055697
dtlz2,m=75,hype,4,0.0744329732517,1.22653757856
dtlz2,m=75,hype,5,0.104991945994,1.23592252719
dtlz2,m=75,hype,6,0.132467256366,1.22796791746
dtlz2,m=75,hype,7,0.0837263643985,1.23850542963
dtlz2,m=75,hype,8,0.0851009295322,1.22290476079
dtlz2,m=75,hype,9,0.118261845723,1.23829800153
dtlz2,m=75,hype,10,0.0479885586247,1.23272811254
dtlz2,m=75,hype,11,0.0605753007513,1.23730966204
dtlz2,m=75,hype,12,0.0710538468672,1.22375042168
dtlz2,m=75,hype,13,0.0706973310175,1.2331411908
dtlz2,m=75,hype,14,0.0384339335022,1.21350269964
dtlz2,m=75,hype,15,0.144219585468,1.23276612924
dtlz2,m=75,hype,16,0.0558190750278,1.22991545141
dtlz2,m=75,hype,17,0.040945533784,1.23108409983
dtlz2,m=75,hype,18,0.0354899265361,1.22880585258
dtlz2,m=75,hype,19,0.0560315930656,1.220353419
dtlz2,m=75,hype,20,0.0899336254949,1.24050082331
dtlz2,m=75,hype,21,0.0570709115474,1.23630304958
dtlz2,m=75,hype,22,0.0874717928106,1.22223302215
dtlz2,m=75,hype,23,0.0686073102439,1.2238343762
dtlz2,m=75,hype,24,0.0824458513883,1.24571649553
dtlz2,m=75,hype,25,0.102282329977,1.24069088355
dtlz2,m=75,hype,26,0.0561837738768,1.22875682037
dtlz2,m=75,hype,27,0.0467994821523,1.21460703951
dtlz2,m=75,hype,28,0.151757028386,1.25028264594
dtlz2,m=75,hype,29,0.0472207481362,1.22663160017
dtlz2,m=100,lex,0,7.21882351099e-05,1.27090384429
dtlz2,m=100,lex,1,1.1385687288e-05,1.27088453589
dtlz2,m=100,lex,2,4.32852206818e-05,1.27089466851
dtlz2,m=100,lex,3,0.0001547306517,1.27093005562
dtlz2,m=100,lex,4,6.26189526223e-05,1.27090079884
dtlz2,m=100,lex,5,1.49156096045e-06,1.27088139276
dtlz2,m=100,lex,6,5.05087761878e-06,1.27088252353
dtlz2,m=100,lex,7,9.93866023046e-05,1.27091247901
dtlz2,m=100,lex,8,5.84271595507e-07,1.2708811045
dtlz2,m=100,lex,9,4.59902935829e-07,1.27088106498
dtlz2,m=100,lex,10,0.000111676572196,1.27091635287
dtlz2,m=100,lex,11,6.11855864912e-06,1.27088286272
dtlz2,m=100,lex,12,3.79392023369e-06,1.27088212423
dtlz2,m=100,lex,13,1.88735532381e-05,1.270886914
dtlz2,m=100,lex,14,1.16265854716e-05,1.27088461273
dtlz2,m=100,lex,15,0.000124698987402,1.27092051612
dtlz2,m=100,lex,16,0.0,1.27088091886
dtlz2,m=100,lex,17,4.47085945902e-06,1.27088233927
dtlz2,m=100,lex,18,2.9496123875e-05,1.27089028798
dtlz2,m=100,lex,19,0.000173875104551,1.270936156
dtlz2,m=100,lex,20,0.0,1.27088091886
dtlz2,m=100,lex,21,2.06471432258e-06,1.27088157485
dtlz2,m=100,lex,22,7.09700838709e-07,1.27088114434
dtlz2,m=100,lex,23,0.000138847584933,1.27092500032
dtlz2,m=100,lex,24,8.08096767733e-05,1.27090658339
dtlz2,m=100,lex,25,8.99476692637e-05,1.27090946819
dtlz2,m=100,lex,26,0.000121207346541,1.27091938014
dtlz2,m=100,lex,27,0.000170635678772,1.27093510011
dtlz2,m=100,lex,28,1.36783261629e-05,1.27088526439
dtlz2,m=100,lex,29,6.18350125268e-06,1.27088288343
dtlz2,m=100,nsga2,0,10.8954329705,3.2276656155
dtlz2,m=100,nsga2,1,10.6685171833,3.17795124492
dtlz2,m=100,nsga2,2,10.9344466304,3.23324091243
dtlz2,m=100,nsga2,3,10.6909137765,3.1778767509
dtlz2,m=100,nsga2,4,10.6724249373,3.19759944576
dtlz2,m=100,nsga2,5,10.6760633082,3.19294602809
dtlz2,m=100,nsga2,6,11.0669212829,3.24042907569
dtlz2,m=100,nsga2,7,10.8133932375,3.22050534322
dtlz2,m=100,nsga2,8,10.8375124525,3.20835192511
dtlz2,m=100,nsga2,9,10.6756004828,3.18314330913
dtlz2,m=100,nsga2,10,10.6489688189,3.17701437528
dtlz2,m=100,nsga2,11,10.6700261703,3.17471678545
dtlz2,m=100,nsga2,12,10.9127990659,3.22737099023
dtlz2,m=100,nsga2,13,10.5640344793,3.16639948689
dtlz2,m=100,nsga2,14,10.6408177265,3.19410623041
dtlz2,m=100,nsga2,15,10.788127117,3.20943031417
dtlz2,m=100,nsga2,16,10.6350478902,3.17393115514
dtlz2,m=100,nsga2,17,10.7043472941,3.17643592607
dtlz2,m=100,nsga2,18,11.0172110962,3.25518482497
dtlz2,m=100,nsga2,19,10.4646300428,3.16953757283
dtlz2,m=100,nsga2,20,10.7657962426,3.19774126827
dtlz2,m=100,nsga2,21,10.8637157934,3.2068622304
dtlz2,m=100,nsga2,22,10.8103015454,3.23865708102
dtlz2,m=100,nsga2,23,10.6205210606,3.17451001191
dtlz2,m=100,nsga2,24,10.847390126,3.21606319169
dtlz2,m=100,nsga2,25,10.9280649251,3.22766290891
dtlz2,m=100,nsga2,26,10.9091369966,3.22400242015
dtlz2,m=100,nsga2,27,10.7432860918,3.19080012856
dtlz2,m=100,hype,0,1.34885017239,1.52221626718
dtlz2,m=100,hype,1,1.57211673045,1.57755113721
dtlz2,m=100,hype,2,0.99114152615,1.44735266559
dtlz2,m=100,hype,3,0.807017333531,1.38978873056
dtlz2,m=100,hype,4,1.20282051533,1.47979842206
dtlz2,m=100,hype,5,1.06237694756,1.45053345397
dtlz2,m=100,hype,6,0.874320812122,1.4035275687
dtlz2,m=100,hype,7,1.08297577783,1.47251966067
dtlz2,m=100,hype,8,0.933980884802,1.4126699337
dtlz2,m=100,hype,9,0.925280168613,1.42398030837
dtlz3,m=5,lex,0,9618.08887468,97.0979999274
dtlz3,m=5,lex,1,10.5128493775,2.42989805084
dtlz3,m=5,lex,2,796.693521517,27.2676160908
dtlz3,m=5,lex,3,1255.00777604,34.4477627109
dtlz3,m=5,lex,4,6106.98109214,77.175329245
dtlz3,m=5,lex,5,25.5754168682,4.18749195416
dtlz3,m=5,lex,6,851.480575453,28.2243673597
dtlz3,m=5,lex,7,839.167363107,28.0066420365
dtlz3,m=5,lex,8,0.447543453321,0.322902889253
dtlz3,m=5,lex,9,23.2496759648,3.95711304015
dtlz3,m=5,lex,10,6283.97111225,78.2989701949
dtlz3,m=5,lex,11,8010.24889656,88.5279192381
dtlz3,m=5,lex,12,15.8335668541,3.13730178801
dtlz3,m=5,lex,13,4.00984811636,1.28472338922
dtlz3,m=5,lex,14,3.56251736002,1.1842113443
dtlz3,m=5,lex,15,49.3996345329,6.12966872299
dtlz3,m=5,lex,16,0.174980121225,0.252607503707
dtlz3,m=5,lex,17,2794.92634834,51.899326682
dtlz3,m=5,lex,18,5.19395217831,1.52277410103
dtlz3,m=5,lex,19,782.573957922,27.0195292561
dtlz3,m=5,lex,20,24.2533888256,4.05782957652
dtlz3,m=5,lex,21,1205.92473619,33.7627352938
dtlz3,m=5,lex,22,2131.60892484,45.2026276284
dtlz3,m=5,lex,23,753.554751106,26.4963170696
dtlz3,m=5,lex,24,209.999737189,13.5539183836
dtlz3,m=5,lex,25,2628.73173043,50.3076054803
dtlz3,m=5,lex,26,802.825728105,27.3745684765
dtlz3,m=5,lex,27,165.718194564,11.9402860793
dtlz3,m=5,lex,28,291.625841816,16.1340934572
dtlz3,m=5,lex,29,416.836730332,19.4655620354
dtlz3,m=5,nsga2,0,2216248.72758,1438.7621531
dtlz3,m=5,nsga2,1,2602590.74706,1564.50282402
dtlz3,m=5,nsga2,2,2420287.26295,1492.47389438
dtlz3,m=5,nsga2,3,2330132.08627,1458.94038226
dtlz3,m=5,nsga2,4,1989277.08495,1380.04516904
dtlz3,m=5,nsga2,5,2329899.87824,1491.88829687
dtlz3,m=5,nsga2,6,2330482.37799,1477.9031971
dtlz3,m=5,nsga2,7,2341648.52917,1498.44581822
dtlz3,m=5,nsga2,8,2183223.4185,1435.24896479
dtlz3,m=5,nsga2,9,1889048.08094,1333.98299394
dtlz3,m=5,nsga2,10,2156911.2688,1435.29794046
dtlz3,m=5,nsga2,11,2653671.5422,1589.95076641
dtlz3,m=5,nsga2,12,2393711.34614,1512.21973053
dtlz3,m=5,nsga2,13,2349051.91601,1457.85282781
dtlz3,m=5,nsga2,14,2800224.40651,1654.00553862
dtlz3,m=5,nsga2,15,2738009.55004,1605.58596212
dtlz3,m=5,nsga2,16,2156181.99895,1431.10684178
dtlz3,m=5,nsga2,17,2428128.97745,1514.84783597
dtlz3,m=5,nsga2,18,2400038.87227,1519.55174249
dtlz3,m=5,nsga2,19,2376429.41991,1482.64354027
dtlz3,m=5,nsga2,20,2267412.58212,1472.8771643
dtlz3,m=5,nsga2,21,1871843.78249,1315.62353113
dtlz3,m=5,nsga2,22,2425705.48506,1515.33996893
dtlz3,m=5,nsga2,23,2711982.99382,1603.51824598
dtlz3,m=5,nsga2,24,1931760.69504,1366.23007156
dtlz3,m=5,nsga2,25,2752923.50976,1626.61421833
dtlz3,m=5,nsga2,26,1963786.97876,1343.13515216
dtlz3,m=5,nsga2,27,2288387.64061,1458.22522143
dtlz3,m=5,nsga2,28,2240639.11971,1456.39615562
dtlz3,m=5,nsga2,29,2060133.37878,1398.72571126
dtlz3,m=5,hype,0,640.57025405,23.3031587991
dtlz3,m=5,hype,1,528.278466605,22.0254747898
dtlz3,m=5,hype,2,21824.0505507,35.3967689152
dtlz3,m=5,hype,3,617.165228498,21.460915122
dtlz3,m=5,hype,4,617.165228498,21.460915122
dtlz3,m=5,hype,5,550.470920852,18.3494208737
dtlz3,m=5,hype,6,67.8984834049,7.17309885919
dtlz3,m=5,hype,7,2597.34629355,47.9261638103
dtlz3,m=5,hype,8,973.269083892,29.8159070494
dtlz3,m=5,hype,9,361.220508724,17.8571834642
dtlz3,m=5,hype,10,4506.38984825,41.4423769454
dtlz3,m=5,hype,11,131.80518983,10.5268439949
dtlz3,m=5,hype,12,109.966770703,6.64547810702
dtlz3,m=5,hype,13,525.005646612,19.9260171584
dtlz3,m=5,hype,14,2030.14195025,26.4187296207
dtlz3,m=5,hype,15,2272.08573264,45.9393697111
dtlz3,m=5,hype,16,49.5019640072,6.13181122808
dtlz3,m=5,hype,17,309.177326123,15.2846206817
dtlz3,m=5,hype,18,2245.96481013,46.2669760818
dtlz3,m=5,hype,19,1083.88133239,29.1799894167
dtlz3,m=5,hype,20,2799.25606202,51.8875455965
dtlz3,m=5,hype,21,207.782568718,11.3011195179
dtlz3,m=5,hype,22,1339.68953131,33.3089922297
dtlz3,m=5,hype,23,675.13589948,21.406262336
dtlz3,m=5,hype,24,622.83180362,23.8778741439
dtlz3,m=5,hype,25,512.125166941,16.8486358698
dtlz3,m=5,hype,26,12.1230991664,2.34074739435
dtlz3,m=5,hype,27,3304.08108778,56.2360733676
dtlz3,m=5,hype,28,188.718042413,12.3450923069
dtlz3,m=5,hype,29,904.107717162,29.1053985394
dtlz3,m=25,lex,0,3.43556454208,1.88994174027
dtlz3,m=25,lex,1,3245.24748322,56.5405085895
dtlz3,m=25,lex,2,676.830597632,25.6084334718
dtlz3,m=25,lex,3,7.62083588788,2.65002551176
dtlz3,m=25,lex,4,566.227577572,23.3912833458
dtlz3,m=25,lex,5,323.467088221,17.5933871477
dtlz3,m=25,lex,6,1427.09846024,37.3585014146
dtlz3,m=25,lex,7,264.289497044,15.8706136022
dtlz3,m=25,lex,8,1870.27446273,42.8251668931
dtlz3,m=25,lex,9,2618.63295152,50.7478205734
dtlz3,m=25,lex,10,6099.86903696,77.670783495
dtlz3,m=25,lex,11,2708.51793218,51.6183669068
dtlz3,m=25,lex,12,728.139342307,26.5752619218
dtlz3,m=25,lex,13,737.457798176,26.7471643642
dtlz3,m=25,lex,14,683.178709376,25.7299892206
dtlz3,m=25,lex,15,25.3381219566,4.77459057622
dtlz3,m=25,lex,16,727.51300136,26.5636683041
dtlz3,m=25,lex,17,16.2664017418,3.81960167099
dtlz3,m=25,lex,18,2639.87865467,50.9549183608
dtlz3,m=25,lex,19,5179.96204521,71.542067053
dtlz3,m=25,lex,20,2700.61164762,51.5423783944
dtlz3,m=25,lex,21,146.108274592,11.7207247081
dtlz3,m=25,lex,22,25.3253138724,4.77336479343
dtlz3,m=25,lex,23,840.54992987,28.5810989287
dtlz3,m=25,lex,24,3025.63922201,54.5798141277
dtlz3,m=25,lex,25,790.519705282,27.7060236379
dtlz3,m=25,lex,26,107.620585294,10.0198787645
dtlz3,m=25,lex,27,6165.45988878,78.0895057317
dtlz3,m=25,lex,28,2598.03585095,50.5462421811
dtlz3,m=25,lex,29,10.3344601556,3.05863836371
dtlz3,m=25,nsga2,0,4190424.37528,2021.00440207
dtlz3,m=25,nsga2,1,3949623.36113,1932.41291607
dtlz3,m=25,nsga2,2,3806765.91046,1878.14558823
dtlz3,m=25,nsga2,3,4332122.80729,2050.86686597
dtlz3,m=25,nsga2,4,4107304.11567,1974.98998097
dtlz3,m=25,nsga2,5,4059064.17731,1962.44331424
dtlz3,m=25,nsga2,6,3970019.10873,1918.04528817
dtlz3,m=25,nsga2,7,3754486.24276,1826.36959499
dtlz3,m=25,nsga2,8,3998521.30898,1936.78620903
dtlz3,m=25,nsga2,9,3961470.24177,1927.27682834
dtlz3,m=25,nsga2,10,3367102.429,1702.91166189
dtlz3,m=25,nsga2,11,4022223.28448,1962.00518393
dtlz3,m=25,nsga2,12,4359721.6242,2069.15198602
dtlz3,m=25,nsga2,13,3883082.19007,1929.41390918
dtlz3,m=25,nsga2,14,3511598.29793,1720.2125815
dtlz3,m=25,nsga2,15,4147755.51654,1989.14557733
dtlz3,m=25,nsga2,16,4146815.08036,1979.45875761
dtlz3,m=25,nsga2,17,3831266.82892,1879.09166353
dtlz3,m=25,nsga2,18,4157557.54855,2007.29957181
dtlz3,m=25,nsga2,19,4020680.47756,1965.00640363
dtlz3,m=25,nsga2,20,4224829.64038,2018.11569304
dtlz3,m=25,nsga2,21,4149111.73753,1988.885688
dtlz3,m=25,nsga2,22,3754744.95155,1818.75272671
dtlz3,m=25,nsga2,23,3709822.03744,1850.38014722
dtlz3,m=25,nsga2,24,4087698.22444,1949.67995837
dtlz3,m=25,nsga2,25,4164674.75008,1996.71395637
dtlz3,m=25,nsga2,26,4055410.9713,1980.70584336
dtlz3,m=25,nsga2,27,3994359.67044,1966.23525675
dtlz3,m=25,nsga2,28,4374619.98103,2079.89356748
dtlz3,m=25,nsga2,29,3903311.54339,1915.99717531
dtlz3,m=25,hype,0,2949.80063497,53.6528969418
dtlz3,m=25,hype,1,636.562705053,24.8079795883
dtlz3,m=25,hype,2,1390.86357425,36.8253626486
dtlz3,m=25,hype,3,903.50783221,28.1967897913
dtlz3,m=25,hype,4,711.268741192,25.8582625408
dtlz3,m=25,hype,5,90.111156383,8.98693735286
dtlz3,m=25,hype,6,337.929048496,17.7631159703
dtlz3,m=25,hype,7,81.2678978357,8.66264717603
dtlz3,m=25,hype,8,395.266213281,19.3414820437
dtlz3,m=25,hype,9,587.964407618,23.7504497774
dtlz3,m=25,hype,10,24.725901972,4.70402882107
dtlz3,m=25,hype,11,177.282487344,11.746608067
dtlz3,m=25,hype,12,683.416124594,25.2360594719
dtlz3,m=25,hype,13,1546.32421949,38.6500703464
dtlz3,m=25,hype,14,141.363531999,10.880423189
dtlz3,m=25,hype,15,728.725191034,26.0233790435
dtlz3,m=25,hype,16,460.629898853,18.8479153517
dtlz3,m=25,hype,17,301.784611587,16.240819157
dtlz3,m=25,hype,18,653.782254052,24.7510549236
dtlz3,m=25,hype,19,768.665007609,26.2330332227
dtlz3,m=25,hype,20,1794.11932566,41.6883584322
dtlz3,m=25,hype,21,493.17701583,21.7745601916
dtlz3,m=25,hype,22,1290.82943853,35.4896292921
dtlz3,m=25,hype,23,84.4028192735,8.83782365666
dtlz3,m=25,hype,24,608.565818788,23.4291559821
dtlz3,m=25,hype,25,1011.0148031,31.2072826284
dtlz3,m=25,hype,26,438.754415488,19.733856728
dtlz3,m=25,hype,27,80.4513163409,8.55840383052
dtlz3,m=25,hype,28,5205.15533894,71.6445310163
dtlz3,m=25,hype,29,418.707076571,19.0771041116
dtlz3,m=50,lex,0,0.0972353001,1.21102347992
dtlz3,m=50,lex,1,727.318139517,26.7033701845
dtlz3,m=50,lex,2,0.060881460081,1.20031644595
dtlz3,m=50,lex,3,3.75339413198,2.10730975484
dtlz3,m=50,lex,4,0.089944352016,1.20887787664
dtlz3,m=50,lex,5,674.359511782,25.7043426328
dtlz3,m=50,lex,6,0.0161866625889,1.18712600877
dtlz3,m=50,lex,7,2598.31829192,50.6914478708
dtlz3,m=50,lex,8,727.454162212,26.7058885773
dtlz3,m=50,lex,9,0.006835641744,1.18436313982
dtlz3,m=50,lex,10,2597.85640184,50.6869186725
dtlz3,m=50,lex,11,0.117931926329,1.21710902822
dtlz3,m=50,lex,12,0.037224107364,1.19333795314
dtlz3,m=50,lex,13,0.042316441721,1.19484076244
dtlz3,m=50,lex,14,898.647234574,29.70839636
dtlz3,m=50,lex,15,674.343919264,25.7040428393
dtlz3,m=50,lex,16,2637.6190289,51.0753604311
dtlz3,m=50,lex,17,674.388618298,25.7049022473
dtlz3,m=50,lex,18,674.363675593,25.7044226888
dtlz3,m=50,lex,19,674.519605378,25.7074205127
dtlz3,m=50,lex,20,3.03357817413,1.95560833938
dtlz3,m=50,lex,21,0.135356311961,1.22222625558
dtlz3,m=50,lex,22,2597.86149974,50.6869686637
dtlz3,m=50,lex,23,24.0657431649,4.80119369079
dtlz3,m=50,lex,24,2600.05712031,50.7084948546
dtlz3,m=50,lex,25,0.000792156816,1.18257701276
dtlz3,m=50,lex,26,674.939161369,25.7154849603
dtlz3,m=50,lex,27,674.389138063,25.7049122404
dtlz3,m=50,lex,28,2701.03579683,51.6888747388
dtlz3,m=50,lex,29,674.49569409,25.7069608293
dtlz3,m=50,nsga2,0,4410608.19962,2083.34711205
dtlz3,m=50,nsga2,1,4353647.76617,2061.4624494
dtlz3,m=50,nsga2,2,4187608.52745,2011.76504892
dtlz3,m=50,nsga2,3,4395327.85869,2077.98995972
dtlz3,m=50,nsga2,4,4221555.45782,2038.65265036
dtlz3,m=50,nsga2,5,4338375.25089,2042.21215234
dtlz3,m=50,nsga2,6,4060408.47162,1978.87330478
dtlz3,m=50,nsga2,7,4385077.90605,2060.96907409
dtlz3,m=50,nsga2,8,4165920.62376,1999.70809705
dtlz3,m=50,nsga2,9,4162963.3764,2015.37903785
dtlz3,m=50,nsga2,10,4284671.78922,2023.53129011
dtlz3,m=50,nsga2,11,4038933.10062,1978.96615413
dtlz3,m=50,nsga2,12,4318120.95238,2046.88816516
dtlz3,m=50,nsga2,13,4424520.50095,2069.30346168
dtlz3,m=50,nsga2,14,4285960.20862,2041.16469199
dtlz3,m=50,nsga2,15,4202610.66351,2017.60288977
dtlz3,m=50,nsga2,16,4244814.47454,2040.97659194
dtlz3,m=50,nsga2,17,4391797.68601,2073.98469384
dtlz3,m=50,nsga2,18,4114687.99708,2006.14118775
dtlz3,m=50,nsga2,19,4448856.76122,2086.4571238
dtlz3,m=50,nsga2,20,4243614.67282,2010.73450715
dtlz3,m=50,nsga2,21,4262666.68851,2044.51202781
dtlz3,m=50,nsga2,22,4427834.72181,2078.92348434
dtlz3,m=50,nsga2,23,4143635.44248,1979.4392646
dtlz3,m=50,nsga2,24,4174102.85683,1991.31931409
dtlz3,m=50,nsga2,25,4487238.80773,2102.75385808
dtlz3,m=50,nsga2,26,4153762.91981,2019.82313829
dtlz3,m=50,nsga2,27,3965394.22567,1932.1163961
dtlz3,m=50,nsga2,28,4232199.70059,2029.89278532
dtlz3,m=50,nsga2,29,4450232.75816,2093.15659944
dtlz3,m=50,hype,0,171.174153275,12.8560694469
dtlz3,m=50,hype,1,26.9426807085,4.96781473407
dtlz3,m=50,hype,2,901.695973174,29.3175778284
dtlz3,m=50,hype,3,302.700031934,16.7937513487
dtlz3,m=50,hype,4,213.561785862,13.8530056918
dtlz3,m=50,hype,5,340.948206159,17.6906996254
dtlz3,m=50,hype,6,386.598893914,19.1488294938
dtlz3,m=50,hype,7,32.5039337961,5.45405209203
dtlz3,m=50,hype,8,1979.28154121,44.0505400803
dtlz3,m=50,hype,9,163.28137079,11.2520144546
dtlz3,m=50,hype,10,296.376777879,15.3764986437
dtlz3,m=50,hype,11,399.918344398,19.7457321435
dtlz3,m=50,hype,12,761.462373058,26.4574540813
dtlz3,m=50,hype,13,1248.39176282,35.0432370307
dtlz3,m=50,hype,14,555.380814395,23.1898151681
dtlz3,m=50,hype,15,113.610428737,9.46583177211
dtlz3,m=50,hype,16,579.876141323,13.5631005467
dtlz3,m=50,hype,17,883.509248264,29.0538573746
dtlz3,m=50,hype,18,496.557422999,21.7349612166
dtlz3,m=50,hype,19,521.493878946,21.6496671308
dtlz3,m=50,hype,20,880.662858347,29.3762220816
dtlz3,m=50,hype,21,1397.85608559,36.7432788565
dtlz3,m=50,hype,22,101.488811411,8.79160131753
dtlz3,m=50,hype,23,970.391126497,29.3111592404
dtlz3,m=50,hype,24,188.81614359,13.096228126
dtlz3,m=50,hype,25,6710.83272277,38.2132907911
dtlz3,m=50,hype,26,22.4162176365,4.0646857168
dtlz3,m=50,hype,27,91.8996901862,7.048759492
dtlz3,m=50,hype,28,455.592943308,21.0390772542
dtlz3,m=50,hype,29,200.563376785,13.4326107353
dtlz3,m=75,lex,0,0.283580234304,1.32582562259
dtlz3,m=75,lex,1,0.010535604516,1.24258983342
dtlz3,m=75,lex,2,5769.43791965,75.7376111621
dtlz3,m=75,lex,3,3.01703409652,2.02161424519
dtlz3,m=75,lex,4,674.4801,25.7763258697
dtlz3,m=75,lex,5,674.48737722,25.77646577
dtlz3,m=75,lex,6,675.043680706,25.7871581519
dtlz3,m=75,lex,7,5.8000841e-05,1.2393452486
dtlz3,m=75,lex,8,0.000772148996,1.23956650533
dtlz3,m=75,lex,9,0.074798725625,1.26241353543
dtlz3,m=75,lex,10,675.348600744,25.792946531
dtlz3,m=75,lex,11,3.00215629052,2.01835833355
dtlz3,m=75,lex,12,10190.0640206,100.723462982
dtlz3,m=75,lex,13,2597.64691394,50.7542132169
dtlz3,m=75,lex,14,2597.45401037,50.7523214629
dtlz3,m=75,lex,15,674.368347622,25.7741774012
dtlz3,m=75,lex,16,674.671919816,25.7800132418
dtlz3,m=75,lex,17,674.370426652,25.7742173727
dtlz3,m=75,lex,18,0.0099797783387,1.24241779219
dtlz3,m=75,lex,19,674.426181265,25.7752892803
dtlz3,m=75,lex,20,5769.26190582,75.7364527081
dtlz3,m=75,lex,21,674.385802027,25.7745129783
dtlz3,m=75,lex,22,674.476541558,25.7762574569
dtlz3,m=75,lex,23,0.002725855044,1.24017172074
dtlz3,m=75,lex,24,674.343528497,25.7737002226
dtlz3,m=75,lex,25,0.012587363076,1.24322480004
dtlz3,m=75,lex,26,674.34287977,25.7736877503
dtlz3,m=75,lex,27,2597.68205665,50.7545578459
dtlz3,m=75,lex,28,674.458268576,25.7759061688
dtlz3,m=75,lex,29,0.002447495729,1.24008549828
dtlz3,m=75,nsga2,0,4227623.80205,2039.05043344
dtlz3,m=75,nsga2,1,4479929.96364,2106.99728457
dtlz3,m=75,nsga2,2,4472504.51713,2090.26583519
dtlz3,m=75,nsga2,3,4486840.11033,2110.74452658
dtlz3,m=75,nsga2,4,4371990.77613,2076.26301158
dtlz3,m=75,nsga2,5,4409751.42267,2072.5937948
dtlz3,m=75,nsga2,6,4436083.79153,2081.09953871
dtlz3,m=75,nsga2,7,4399859.68651,2062.88954093
dtlz3,m=75,nsga2,8,4618500.65703,2139.42129039
dtlz3,m=75,nsga2,9,4296521.49084,2053.50350612
dtlz3,m=75,nsga2,10,4471363.53823,2091.15856966
dtlz3,m=75,nsga2,11,4256440.66221,2038.56107186
dtlz3,m=75,nsga2,12,4323213.44131,2068.83636161
dtlz3,m=75,nsga2,13,4348028.82446,2061.80051979
dtlz3,m=75,nsga2,14,4397900.04948,2079.71746888
dtlz3,m=75,nsga2,15,4281805.14195,2056.83015312
dtlz3,m=75,nsga2,16,4590352.82495,2139.80540029
dtlz3,m=75,nsga2,17,4340298.58972,2071.51900266
dtlz3,m=75,nsga2,18,4095612.01115,1970.5002274
dtlz3,m=75,nsga2,19,4333070.34834,2069.61523124
dtlz3,m=75,nsga2,20,4326623.53967,2063.4036171
dtlz3,m=75,nsga2,21,4390548.67165,2079.57577414
dtlz3,m=75,nsga2,22,4386442.25003,2084.0465884
dtlz3,m=75,nsga2,23,4243166.42395,2038.08179965
dtlz3,m=75,nsga2,24,4210518.82855,2021.21569094
dtlz3,m=75,nsga2,25,4458834.81963,2093.60840694
dtlz3,m=75,nsga2,26,4349646.84645,2076.69535529
dtlz3,m=75,nsga2,27,4344463.17091,2072.92268995
dtlz3,m=75,nsga2,28,4577659.73535,2129.82247616
dtlz3,m=75,nsga2,29,4460765.63666,2102.33537408
dtlz3,m=75,hype,0,26.2315288983,4.31063083852
dtlz3,m=75,hype,1,147.055264992,8.64698957041
dtlz3,m=75,hype,2,391.452218788,17.2018225851
dtlz3,m=75,hype,3,272.53139446,15.3927727415
dtlz3,m=75,hype,4,268.400744841,16.0542739616
dtlz3,m=75,hype,5,348.897755469,17.3352483044
dtlz3,m=75,hype,6,2695.22091185,19.7275591943
dtlz3,m=75,hype,7,30.3592154034,5.24132838137
dtlz3,m=75,hype,8,531.253499087,22.8483731571
dtlz3,m=75,hype,9,25.0642788842,4.95121179814
dtlz3,m=75,hype,10,5646.09868617,22.7608274568
dtlz3,m=75,hype,11,4060.06705399,45.6938474014
dtlz3,m=75,hype,12,7.24603517705,2.54594198643
dtlz3,m=75,hype,13,10.2542240328,3.16992764196
dtlz3,m=75,hype,14,212.664941289,13.8290720576
dtlz3,m=75,hype,15,199.772921936,13.2932007254
dtlz3,m=75,hype,16,178.050059294,12.3230282344
dtlz3,m=75,hype,17,204.685177334,11.0124521356
dtlz3,m=75,hype,18,16.8389442472,3.32928258046
dtlz3,m=75,hype,19,1942.17183959,42.1331836928
dtlz3,m=75,hype,20,56.1179939097,7.35563256095
dtlz3,m=75,hype,21,33.6396497822,5.45305914188
dtlz3,m=75,hype,22,458.164049355,16.2451901312
dtlz3,m=75,hype,23,326.982833961,14.3958518689
dtlz3,m=75,hype,24,25.3845394895,4.23657198128
dtlz3,m=75,hype,25,16.4013326379,1.60132312434
dtlz3,m=75,hype,26,344.583322593,16.1019520301
dtlz3,m=75,hype,27,177.238553865,13.1449099848
dtlz3,m=75,hype,28,773.564250611,24.8527539467
dtlz3,m=75,hype,29,12.9925709339,3.46975477355
dtlz3,m=100,lex,0,2597.42717655,50.787698431
dtlz3,m=100,lex,1,0.001574619369,1.26814475323
dtlz3,m=100,lex,2,674.423442988,25.8110029668
dtlz3,m=100,lex,3,0.0036633489,1.26880647395
dtlz3,m=100,lex,4,0.000612093636,1.26783976041
dtlz3,m=100,lex,5,2597.4262403,50.7876892452
dtlz3,m=100,lex,6,0.0016807056,1.26817836618
dtlz3,m=100,lex,7,0.000362032761,1.26776051819
dtlz3,m=100,lex,8,0.008058168441,1.27019819808
dtlz3,m=100,lex,9,0.002391428025,1.26840354365
dtlz3,m=100,lex,10,0.001872876096,1.26823925338
dtlz3,m=100,lex,11,2597.42309857,50.7876584384
dtlz3,m=100,lex,12,674.346518005,25.8095240351
dtlz3,m=100,lex,13,674.4790604,25.8120721946
dtlz3,m=100,lex,14,2597.44246901,50.787848403
dtlz3,m=100,lex,15,674.459827952,25.8117024616
dtlz3,m=100,lex,16,0.002968199289,1.26858626646
dtlz3,m=100,lex,17,2597.66472441,50.7900279967
dtlz3,m=100,lex,18,0.007562243076,1.27004119081
dtlz3,m=100,lex,19,674.34530557,25.8095007187
dtlz3,m=100,lex,20,674.347037754,25.8095340279
dtlz3,m=100,lex,21,0.001102303601,1.26799509655
dtlz3,m=100,lex,22,0.000590087025,1.2678327868
dtlz3,m=100,lex,23,0.000156006084,1.26769522814
dtlz3,m=100,lex,24,2597.42520201,50.7876790668
dtlz3,m=100,lex,25,0.001546597529,1.26813587456
dtlz3,m=100,lex,26,2597.50261976,50.7884382931
dtlz3,m=100,lex,27,2597.42615706,50.7876884328
dtlz3,m=100,lex,28,2597.4212151,50.7876399673
dtlz3,m=100,lex,29,0.013287850884,1.2718532773
dtlz3,m=100,nsga2,0,4275834.82488,2048.45854485
dtlz3,m=100,nsga2,1,4351626.14827,2072.54699812
dtlz3,m=100,nsga2,2,4563677.76268,2118.36510531
dtlz3,m=100,nsga2,3,4434633.73145,2092.34957427
dtlz3,m=100,nsga2,4,4230657.42271,2037.53865489
dtlz3,m=100,nsga2,5,4469559.46342,2104.87771198
dtlz3,m=100,nsga2,6,4545972.75436,2122.94527272
dtlz3,m=100,nsga2,7,4170920.50661,2022.91298494
dtlz3,m=100,nsga2,8,4354039.99991,2076.22896683
dtlz3,m=100,nsga2,9,4532167.04753,2120.42014507
dtlz3,m=100,nsga2,10,4220767.58432,2033.68923225
dtlz3,m=100,nsga2,11,4404979.70166,2090.39601944
dtlz3,m=100,nsga2,12,4414745.38153,2090.4154758
dtlz3,m=100,nsga2,13,4495142.83537,2100.95412877
dtlz3,m=100,nsga2,14,4346884.42762,2068.57512937
dtlz3,m=100,nsga2,15,4382856.47509,2085.50266725
dtlz3,m=100,nsga2,16,4481525.37088,2105.98294641
dtlz3,m=100,nsga2,17,4376599.59272,2071.34035966
dtlz3,m=100,nsga2,18,4552384.53072,2119.85403884
dtlz3,m=100,nsga2,19,4521895.39808,2112.37467253
dtlz3,m=100,nsga2,20,4322093.16924,2036.64741531
dtlz3,m=100,nsga2,21,4413997.66477,2077.61467919
dtlz3,m=100,nsga2,22,4393926.75278,2084.64930308
dtlz3,m=100,nsga2,23,4456919.05919,2089.25334458
dtlz3,m=100,nsga2,24,4513559.40212,2114.63680747
dtlz3,m=100,nsga2,25,4328363.07402,2068.98288454
dtlz3,m=100,nsga2,26,4516495.96133,2110.74721382
dtlz3,m=100,nsga2,27,4344206.10675,2058.53319612
dtlz3,m=100,nsga2,28,4436319.12266,2097.40394596
dtlz3,m=100,nsga2,29,4462434.75827,2098.80502834
dtlz3,m=100,hype,0,370557.4674,569.193038139
dtlz3,m=100,hype,1,292072.329245,504.195113178
dtlz3,m=100,hype,2,465008.549337,647.481286383
dtlz3,m=100,hype,3,327320.198219,523.508037154
dtlz3,m=100,hype,4,522550.709391,685.395145035
dtlz3,m=100,hype,5,550120.659164,709.353992926
dtlz3,m=100,hype,6,438837.664011,624.348107881
dtlz3,m=100,hype,7,380944.138371,575.280113671
dtlz4,m=5,lex,0,0.00226394028514,0.139454715182
dtlz4,m=5,lex,1,0.000985154992744,0.156286807729
dtlz4,m=5,lex,2,0.00529345250147,0.179506420475
dtlz4,m=5,lex,3,0.000703133885877,0.190506825924
dtlz4,m=5,lex,4,0.0,0.209649411175
dtlz4,m=5,lex,5,0.00131673551983,0.172349865247
dtlz4,m=5,lex,6,0.0380176052165,0.17237598222
dtlz4,m=5,lex,7,0.000502441479403,0.186666049649
dtlz4,m=5,lex,8,0.000244206066135,0.181427590503
dtlz4,m=5,lex,9,0.00333339856396,0.148567434538
dtlz4,m=5,lex,10,0.00345672405743,0.173568247661
dtlz4,m=5,lex,11,0.000435880636777,0.17326260001
dtlz4,m=5,lex,12,0.0,0.209649411175
dtlz4,m=5,lex,13,0.000144975764271,0.158025407948
dtlz4,m=5,lex,14,0.0122505633038,0.190710922265
dtlz4,m=5,lex,15,2.00000099992e-06,0.209649516002
dtlz4,m=5,lex,16,4.00000400003e-06,0.209649620834
dtlz4,m=5,lex,17,0.00823663714338,0.195123954166
dtlz4,m=5,lex,18,0.000761297950592,0.146830408299
dtlz4,m=5,lex,19,4.00000400003e-06,0.209649620834
dtlz4,m=5,lex,20,4.00000400003e-06,0.209649620834
dtlz4,m=5,lex,21,0.000490110864887,0.131227779096
dtlz4,m=5,lex,22,0.00228379538932,0.146633172939
dtlz4,m=5,lex,23,2.00000099992e-06,0.209649516002
dtlz4,m=5,lex,24,0.00152751417297,0.168579780395
dtlz4,m=5,lex,25,2.00000099992e-06,0.209649516002
dtlz4,m=5,lex,26,0.00292171634926,0.130760543643
dtlz4,m=5,lex,27,0.00117806039484,0.139565245624
dtlz4,m=5,lex,28,0.0018120111666,0.138004692338
dtlz4,m=5,lex,29,0.000178901941939,0.125194049977
dtlz4,m=5,nsga2,0,7.20978480104,1.85881478136
dtlz4,m=5,nsga2,1,7.64897756956,1.94391672763
dtlz4,m=5,nsga2,2,6.65269972456,1.76408469853
dtlz4,m=5,nsga2,3,6.80354714893,1.79367739969
dtlz4,m=5,nsga2,4,5.92533495599,1.61401115329
dtlz4,m=5,nsga2,5,7.09853894421,1.83682522268
dtlz4,m=5,nsga2,6,7.40214280995,1.89468676448
dtlz4,m=5,nsga2,7,8.55050830724,2.08750248762
dtlz4,m=5,nsga2,8,7.91137386137,1.9795773404
dtlz4,m=5,nsga2,9,5.48249499883,1.53090090101
dtlz4,m=5,nsga2,10,7.1675739342,1.85070907162
dtlz4,m=5,nsga2,11,5.90591252636,1.61455375107
dtlz4,m=5,nsga2,12,6.18891007915,1.67258135958
dtlz4,m=5,nsga2,13,9.89264508866,2.30565134547
dtlz4,m=5,nsga2,14,9.22787107892,2.19955242809
dtlz4,m=5,nsga2,15,7.82873246393,1.97100560296
dtlz4,m=5,nsga2,16,6.46589264367,1.72819118568
dtlz4,m=5,nsga2,17,6.418486389,1.7227958551
dtlz4,m=5,nsga2,18,9.26160441582,2.20609759369
dtlz4,m=5,nsga2,19,4.49895863977,1.32859855652
dtlz4,m=5,nsga2,20,5.61051129788,1.54922669113
dtlz4,m=5,nsga2,21,6.59867326228,1.74395143515
dtlz4,m=5,nsga2,22,4.35045327447,1.29109570308
dtlz4,m=5,nsga2,23,2.24514612139,0.790481986552
dtlz4,m=5,nsga2,24,8.67500811596,2.10619507861
dtlz4,m=5,nsga2,25,7.41515987106,1.89211559256
dtlz4,m=5,nsga2,26,6.47417657707,1.70650072947
dtlz4,m=5,nsga2,27,6.96086556997,1.81034769863
dtlz4,m=5,nsga2,28,7.47800155968,1.90975186532
dtlz4,m=5,nsga2,29,6.82516337625,1.78806800858
dtlz4,m=5,hype,0,0.0771402759411,0.143417596595
dtlz4,m=5,hype,1,0.000128577121356,0.141477840493
dtlz4,m=5,hype,2,1.59481982241e-05,0.186313260198
dtlz4,m=5,hype,3,0.0220467867771,0.161725951853
dtlz4,m=5,hype,4,0.000418049171094,0.181445622621
dtlz4,m=5,hype,5,0.00583463628366,0.163359761297
dtlz4,m=5,hype,6,0.00590290616629,0.155201132607
dtlz4,m=5,hype,7,0.0245188564282,0.151148867447
dtlz4,m=5,hype,8,0.0992060345523,0.130332326606
dtlz4,m=5,hype,9,0.000339697461325,0.141602915887
dtlz4,m=5,hype,10,0.00237765951178,0.165272095552
dtlz4,m=5,hype,11,7.73250122821e-05,0.182497103003
dtlz4,m=5,hype,12,0.00232252820887,0.152617698928
dtlz4,m=5,hype,13,0.00483639192036,0.156867687685
dtlz4,m=5,hype,14,0.000100075456451,0.182114766199
dtlz4,m=5,hype,15,0.000109517298334,0.189046050384
dtlz4,m=5,hype,16,0.000112177806749,0.1851869639
dtlz4,m=5,hype,17,0.0408571475472,0.151331018907
dtlz4,m=5,hype,18,0.0155558788827,0.144842987143
dtlz4,m=5,hype,19,0.000231472334292,0.124078560346
dtlz4,m=5,hype,20,0.000176111027676,0.13226788648
dtlz4,m=5,hype,21,0.00554021388189,0.142492169484
dtlz4,m=5,hype,22,0.00888476651404,0.171118027185
dtlz4,m=5,hype,23,0.000126596058513,0.184189549262
dtlz4,m=5,hype,24,0.000242351314549,0.179261737937
dtlz4,m=5,hype,25,2.00000099992e-06,0.209649516002
dtlz4,m=5,hype,26,0.12019331196,0.161979656516
dtlz4,m=5,hype,27,0.0227387473683,0.139025340643
dtlz4,m=5,hype,28,0.022083333762,0.142186698221
dtlz4,m=5,hype,29,7.28794336471e-05,0.128288844907
dtlz4,m=25,lex,0,0.0193482957979,1.02737839312
dtlz4,m=25,lex,1,0.00213587164574,1.0150060564
dtlz4,m=25,lex,2,2.00000099992e-06,1.04629788982
dtlz4,m=25,lex,3,4.00000400003e-06,1.04629841297
dtlz4,m=25,lex,4,0.00154866388314,1.04193745735
dtlz4,m=25,lex,5,0.000998045604334,1.03835736584
dtlz4,m=25,lex,6,0.0136686699204,1.03904594774
dtlz4,m=25,lex,7,0.000331485430953,1.0235695128
dtlz4,m=25,lex,8,0.000855242938978,1.02336698332
dtlz4,m=25,lex,9,2.00000099992e-06,1.04629788982
dtlz4,m=25,lex,10,0.00753020318994,1.05598988159
dtlz4,m=25,lex,11,4.00000400003e-06,1.04629841297
dtlz4,m=25,lex,12,0.0,1.04629736667
dtlz4,m=25,lex,13,2.00000099992e-06,1.04629788982
dtlz4,m=25,lex,14,4.00000400003e-06,1.04629841297
dtlz4,m=25,lex,15,0.000446666448345,1.02579197897
dtlz4,m=25,lex,16,2.00000099992e-06,1.04629788982
dtlz4,m=25,lex,17,0.00554615922756,1.01252660427
dtlz4,m=25,lex,18,4.00000400003e-06,1.04629841297
dtlz4,m=25,lex,19,0.0224913481857,1.02725007493
dtlz4,m=25,lex,20,0.0,1.00330632573
dtlz4,m=25,lex,21,0.00924575950013,1.02198628059
dtlz4,m=25,lex,22,2.00000099992e-06,1.04629788982
dtlz4,m=25,lex,23,0.012501439308,1.01439841413
dtlz4,m=25,lex,24,2.00000099992e-06,1.04629788982
dtlz4,m=25,lex,25,2.00000099992e-06,1.04629788982
dtlz4,m=25,lex,26,0.0011241321262,1.01956175327
dtlz4,m=25,lex,27,0.0221813382809,1.05186587006
dtlz4,m=25,lex,28,4.00000400003e-06,1.04629841297
dtlz4,m=25,lex,29,0.00269154111524,0.984047192409
dtlz4,m=25,nsga2,0,8.60002786568,2.71101455606
dtlz4,m=25,nsga2,1,9.41010107196,2.84410931235
dtlz4,m=25,nsga2,2,9.24580225636,2.82014926971
dtlz4,m=25,nsga2,3,9.00271097126,2.78581118023
dtlz4,m=25,nsga2,4,9.15280717986,2.79517874131
dtlz4,m=25,nsga2,5,8.57840756831,2.71442472416
dtlz4,m=25,nsga2,6,8.94256296516,2.76881758538
dtlz4,m=25,nsga2,7,8.43480968682,2.68745040531
dtlz4,m=25,nsga2,8,8.96456353288,2.78452865848
dtlz4,m=25,nsga2,9,9.76646575509,2.9083708566
dtlz4,m=25,nsga2,10,9.23625968569,2.79651497893
dtlz4,m=25,nsga2,11,8.29222463787,2.66080006351
dtlz4,m=25,nsga2,12,9.79190694832,2.8926372084
dtlz4,m=25,nsga2,13,9.44861199593,2.83723755607
dtlz4,m=25,nsga2,14,9.3388169965,2.82221009983
dtlz4,m=25,nsga2,15,8.91236067249,2.77288570045
dtlz4,m=25,nsga2,16,9.04551452669,2.79017156208
dtlz4,m=25,nsga2,17,9.71313696902,2.88147373401
dtlz4,m=25,nsga2,18,9.37841796996,2.85265232883
dtlz4,m=25,nsga2,19,9.25881450945,2.82316010065
dtlz4,m=25,nsga2,20,9.29065279218,2.81366905377
dtlz4,m=25,nsga2,21,9.57450967079,2.84853148188
dtlz4,m=25,nsga2,22,9.24292956169,2.84055392009
dtlz4,m=25,nsga2,23,8.51887111011,2.69396309272
dtlz4,m=25,nsga2,24,8.98914384575,2.77170043209
dtlz4,m=25,nsga2,25,9.12758933214,2.80684422029
dtlz4,m=25,nsga2,26,9.57573975667,2.87869398764
dtlz4,m=25,nsga2,27,9.72289487604,2.87813147839
dtlz4,m=25,nsga2,28,8.72704761176,2.75685631455
dtlz4,m=25,nsga2,29,8.33861336321,2.66411618437
dtlz4,m=25,hype,0,1.87448658422,1.49504717395
dtlz4,m=25,hype,1,1.49006143035,1.38403019027
dtlz4,m=25,hype,2,1.7732458702,1.43502632926
dtlz4,m=25,hype,3,1.30784975585,1.32933064819
dtlz4,m=25,hype,4,0.701316694942,1.16231590349
dtlz4,m=25,hype,5,1.6722649456,1.45959375128
dtlz4,m=25,hype,6,1.52350540463,1.40213449308
dtlz4,m=25,hype,7,1.29530694986,1.32766210056
dtlz4,m=25,hype,8,1.39124679817,1.37865521739
dtlz4,m=25,hype,9,1.06477646457,1.30378324197
dtlz4,m=25,hype,10,1.81456724787,1.42952512082
dtlz4,m=25,hype,11,0.920881354299,1.22444290618
dtlz4,m=25,hype,12,1.72747433367,1.46688036716
dtlz4,m=25,hype,13,2.34707482524,1.56815658311
dtlz4,m=25,hype,14,0.820058983979,1.24073710679
dtlz4,m=25,hype,15,1.59920643736,1.4298187507
dtlz4,m=25,hype,16,1.21026678519,1.35868613771
dtlz4,m=25,hype,17,1.1426780098,1.26210269859
dtlz4,m=25,hype,18,0.966740121369,1.27881098573
dtlz4,m=25,hype,19,1.68985442527,1.40942240592
dtlz4,m=25,hype,20,1.02152596088,1.26887090963
dtlz4,m=25,hype,21,1.08564131573,1.28304989581
dtlz4,m=25,hype,22,0.928271385218,1.24838160218
dtlz4,m=25,hype,23,0.789572341809,1.23718309544
dtlz4,m=25,hype,24,1.86150684983,1.48010909077
dtlz4,m=25,hype,25,1.25680502744,1.33289981297
dtlz4,m=25,hype,26,1.60252019159,1.39997751818
dtlz4,m=25,hype,27,1.00091487145,1.29353036862
dtlz4,m=25,hype,28,1.70083965468,1.44431629937
dtlz4,m=25,hype,29,0.550749339784,1.1667131177
dtlz4,m=50,lex,0,6.93309646295e-05,1.17795754298
dtlz4,m=50,lex,1,2.00000099992e-06,1.18833929485
dtlz4,m=50,lex,2,4.40907993205e-07,1.17758444312
dtlz4,m=50,lex,3,3.52934667709e-05,1.17663845245
dtlz4,m=50,lex,4,2.72939882063e-07,1.17134546043
dtlz4,m=50,lex,5,2.00000099992e-06,1.18833929485
dtlz4,m=50,lex,6,0.000218212866736,1.18086682209
dtlz4,m=50,lex,7,0.000470486549962,1.17527045282
dtlz4,m=50,lex,8,0.00155365752377,1.16721237474
dtlz4,m=50,lex,9,0.00126866149592,1.18513951268
dtlz4,m=50,lex,10,0.000150547177449,1.17660667341
dtlz4,m=50,lex,11,6.41563600614e-05,1.18087944268
dtlz4,m=50,lex,12,1.47901388899e-05,1.17959708496
dtlz4,m=50,lex,13,1.7715333038e-06,1.17199585267
dtlz4,m=50,lex,14,0.00216562008065,1.17178605435
dtlz4,m=50,lex,15,2.00000099992e-06,1.18833929485
dtlz4,m=50,lex,16,2.00000099992e-06,1.18833929485
dtlz4,m=50,lex,17,0.000198116129093,1.1746768168
dtlz4,m=50,lex,18,0.000440889212475,1.17115302976
dtlz4,m=50,lex,19,1.50504878666e-06,1.17427257854
dtlz4,m=50,lex,20,0.000405934531569,1.17867905077
dtlz4,m=50,lex,21,0.000134046812364,1.18422980121
dtlz4,m=50,lex,22,2.10871847629e-05,1.1725604957
dtlz4,m=50,lex,23,4.79897017845e-06,1.18360650217
dtlz4,m=50,lex,24,4.00000400003e-06,1.18833988902
dtlz4,m=50,lex,25,0.000874560697646,1.18101042906
dtlz4,m=50,lex,26,1.46116796212e-07,1.18329257748
dtlz4,m=50,lex,27,3.38459919898e-06,1.17848951192
dtlz4,m=50,lex,28,0.000391299926361,1.18285717423
dtlz4,m=50,lex,29,2.00000099992e-06,1.18833929485
dtlz4,m=50,nsga2,0,9.41193413459,3.03049730146
dtlz4,m=50,nsga2,1,8.75625145154,2.92629653898
dtlz4,m=50,nsga2,2,9.23886880147,2.9986813896
dtlz4,m=50,nsga2,3,9.44666350833,3.03949911053
dtlz4,m=50,nsga2,4,9.49543593399,3.04498880233
dtlz4,m=50,nsga2,5,8.80310057029,2.93128333837
dtlz4,m=50,nsga2,6,9.35442356732,3.0206464156
dtlz4,m=50,nsga2,7,9.30057275461,3.02520181776
dtlz4,m=50,nsga2,8,8.88663391961,2.93931631659
dtlz4,m=50,nsga2,9,9.13960167776,2.97642168626
dtlz4,m=50,nsga2,10,8.87819726178,2.93450946111
dtlz4,m=50,nsga2,11,9.15566320335,2.98544127591
dtlz4,m=50,nsga2,12,9.18075559423,2.99527137941
dtlz4,m=50,nsga2,13,9.33016781185,3.01557789033
dtlz4,m=50,nsga2,14,9.24804020478,2.99672173568
dtlz4,m=50,nsga2,15,9.14666277593,2.988643388
dtlz4,m=50,nsga2,16,9.04333222364,2.9582874828
dtlz4,m=50,nsga2,17,9.11540657736,2.97896568817
dtlz4,m=50,nsga2,18,9.10958363924,2.97867456001
dtlz4,m=50,nsga2,19,9.1721119685,2.98483011439
dtlz4,m=50,nsga2,20,9.20680770061,3.00877771411
dtlz4,m=50,nsga2,21,8.94555697866,2.95923410502
dtlz4,m=50,nsga2,22,8.3852800843,2.86571563286
dtlz4,m=50,nsga2,23,9.15798911682,2.99125325859
dtlz4,m=50,nsga2,24,9.5088480887,3.0408346321
dtlz4,m=50,nsga2,25,9.90976067449,3.09968913074
dtlz4,m=50,nsga2,26,8.91941918615,2.94405857283
dtlz4,m=50,nsga2,27,9.10994869994,2.98818911768
dtlz4,m=50,nsga2,28,9.63995600766,3.05712081171
dtlz4,m=50,nsga2,29,9.01399976997,2.94820147624
dtlz4,m=50,hype,0,2.15976784044,1.71629407132
dtlz4,m=50,hype,1,1.49638148663,1.53469478216
dtlz4,m=50,hype,2,1.65970777913,1.57428259163
dtlz4,m=50,hype,3,1.72928572171,1.59587673174
dtlz4,m=50,hype,4,2.01670676541,1.66257188999
dtlz4,m=50,hype,5,1.68583149299,1.59540887281
dtlz4,m=50,hype,6,2.13194133678,1.68372497185
dtlz4,m=50,hype,7,1.19875577357,1.44951166527
dtlz4,m=50,hype,8,1.42644599668,1.52060634407
dtlz4,m=50,hype,9,1.91901514655,1.62762447879
dtlz4,m=50,hype,10,2.55737682724,1.78841881274
dtlz4,m=50,hype,11,2.05607262814,1.68421727595
dtlz4,m=50,hype,12,1.13342549109,1.43758273409
dtlz4,m=50,hype,13,2.93747670993,1.87023064158
dtlz4,m=50,hype,14,1.69293255536,1.59096165707
dtlz4,m=50,hype,15,1.63300093087,1.55360871126
dtlz4,m=50,hype,16,2.6383138138,1.78209454509
dtlz4,m=50,hype,17,2.25149716066,1.73138487429
dtlz4,m=50,hype,18,1.75955853564,1.61267712798
dtlz4,m=50,hype,19,1.88523614996,1.62504944183
dtlz4,m=50,hype,20,1.44433794424,1.50898369817
dtlz4,m=50,hype,21,1.92824755127,1.65395268009
dtlz4,m=50,hype,22,1.50876636741,1.53839460587
dtlz4,m=50,hype,23,1.44922138368,1.53667658475
dtlz4,m=50,hype,24,1.32875487616,1.49689598904
dtlz4,m=50,hype,25,2.42085342772,1.76682864701
dtlz4,m=50,hype,26,1.06615049533,1.44416698403
dtlz4,m=50,hype,27,1.54810474853,1.5381010962
dtlz4,m=50,hype,28,1.90555723319,1.63912174652
dtlz4,m=50,hype,29,1.58546366555,1.57375154648
dtlz4,m=75,lex,0,2.3757516555e-05,1.23321447901
dtlz4,m=75,lex,1,2.00000099992e-06,1.23955957069
dtlz4,m=75,lex,2,0.000297835058362,1.22541115012
dtlz4,m=75,lex,3,0.000144747818615,1.23021301168
dtlz4,m=75,lex,4,5.59929776318e-05,1.23159963056
dtlz4,m=75,lex,5,2.00000099992e-06,1.23955957069
dtlz4,m=75,lex,6,1.58984140469e-07,1.23513095347
dtlz4,m=75,lex,7,2.00000099992e-06,1.23955957069
dtlz4,m=75,lex,8,0.000362932646717,1.22417037418
dtlz4,m=75,lex,9,0.000113028715791,1.23277360957
dtlz4,m=75,lex,10,1.36911999864e-07,1.23233573689
dtlz4,m=75,lex,11,2.00000099992e-06,1.23955957069
dtlz4,m=75,lex,12,9.98047546145e-05,1.2270850674
dtlz4,m=75,lex,13,0.0,1.23955895091
dtlz4,m=75,lex,14,0.000440349197199,1.22976574603
dtlz4,m=75,lex,15,6.96741226443e-05,1.23236800892
dtlz4,m=75,lex,16,2.00000099992e-06,1.23955957069
dtlz4,m=75,lex,17,0.000481841599163,1.23070942966
dtlz4,m=75,lex,18,1.82513310477e-05,1.22508530045
dtlz4,m=75,lex,19,5.39484013148e-06,1.23359699116
dtlz4,m=75,lex,20,0.000331363615098,1.22850458713
dtlz4,m=75,lex,21,1.05063757492e-05,1.23034533924
dtlz4,m=75,lex,22,0.000185195032281,1.21924963687
dtlz4,m=75,lex,23,0.0136439759912,1.23492244699
dtlz4,m=75,lex,24,0.000123050597176,1.22769431252
dtlz4,m=75,lex,25,5.4713284604e-06,1.23362305452
dtlz4,m=75,lex,26,5.83911057655e-06,1.23288797936
dtlz4,m=75,lex,27,5.88351009059e-05,1.22913825689
dtlz4,m=75,lex,28,7.20474831489e-05,1.23012925119
dtlz4,m=75,lex,29,0.000767175319007,1.22926888566
dtlz4,m=75,hype,0,1.57338281106,1.61467849538
dtlz4,m=75,hype,1,1.6862554283,1.63627859689
dtlz4,m=75,hype,2,1.66514368434,1.6156648751
dtlz4,m=75,hype,3,1.85100578304,1.66092038224
dtlz4,m=75,hype,4,1.74198964622,1.64056952524
dtlz4,m=75,hype,5,1.58017225506,1.61793583055
dtlz4,m=75,hype,6,1.48277614703,1.58727281061
dtlz4,m=75,hype,7,1.69237663547,1.63882191524
dtlz4,m=75,hype,8,1.73446546713,1.6497671648
dtlz4,m=75,hype,9,1.79932069664,1.67291676435
dtlz4,m=75,hype,10,1.57527075344,1.58768299306
dtlz4,m=75,hype,11,1.52379355632,1.59313092882
dtlz4,m=75,hype,12,1.56604653916,1.61947538384
dtlz4,m=75,hype,13,1.64922642229,1.61157854671
dtlz4,m=75,hype,14,1.36800403858,1.56471738883
dtlz4,m=75,hype,15,1.11908982974,1.48852500785
dtlz4,m=75,hype,16,1.3673897814,1.55624987395
dtlz4,m=75,hype,17,2.06728433824,1.72967280319
dtlz4,m=75,hype,18,1.23091631959,1.50466401745
dtlz4,m=75,hype,19,1.85921897477,1.67926285107
dtlz4,m=75,hype,20,1.65392397099,1.62346694589
dtlz4,m=100,lex,0,0.000155185055058,1.2555919291
dtlz4,m=100,lex,1,7.61860001875e-05,1.26122190239
dtlz4,m=100,lex,2,3.0143530852e-05,1.25528688946
dtlz4,m=100,lex,3,3.66505179788e-06,1.26182805957
dtlz4,m=100,lex,4,2.00000099992e-06,1.26509246488
dtlz4,m=100,lex,5,0.0,1.26509183234
dtlz4,m=100,lex,6,1.43386291558e-06,1.26203167685
dtlz4,m=100,lex,7,0.0,1.26509183234
dtlz4,m=100,lex,8,3.44273792486e-05,1.25948717227
dtlz4,m=100,lex,9,2.00000099992e-06,1.26509246488
dtlz4,m=100,lex,10,0.000106922222443,1.25751484545
dtlz4,m=100,lex,11,5.01892685649e-08,1.2576161168
dtlz4,m=100,lex,12,6.8285344584e-05,1.26017306774
dtlz4,m=100,lex,13,2.00000099992e-06,1.26509246488
dtlz4,m=100,lex,14,0.000140110305207,1.25940848671
dtlz4,m=100,lex,15,2.0908974814e-07,1.25758231085
dtlz4,m=100,lex,16,4.37240308161e-05,1.26044000412
dtlz4,m=100,lex,17,5.68911855947e-05,1.25468756558
dtlz4,m=100,lex,18,0.000137160901927,1.25252567798
dtlz4,m=100,lex,19,6.95655134601e-05,1.26158639322
dtlz4,m=100,lex,20,1.16268662063e-07,1.26153504924
dtlz4,m=100,lex,21,7.69636631654e-06,1.26007241045
dtlz4,m=100,lex,22,2.65831515717e-05,1.25938896582
dtlz4,m=100,lex,23,2.49008249761e-07,1.25801719403
dtlz4,m=100,lex,24,3.17354177773e-05,1.26230398554
dtlz4,m=100,lex,25,4.18164409636e-06,1.25889804951
dtlz4,m=100,lex,26,2.00000099992e-06,1.26509246488
dtlz4,m=100,lex,27,2.6238111507e-06,1.25968350304
dtlz4,m=100,lex,28,3.44938340461e-06,1.25927409116
dtlz4,m=100,lex,29,5.43423566951e-06,1.2563723762
dtlz4,m=100,nsga2,0,9.09862543069,3.07966276576
dtlz4,m=100,nsga2,1,9.23697159516,3.10409346707
dtlz4,m=100,nsga2,2,9.42689628223,3.13981039298
dtlz4,m=100,nsga2,3,8.95536694503,3.06233564362
dtlz4,m=100,nsga2,4,9.45664325231,3.14694059753
dtlz4,m=100,nsga2,5,9.7567749187,3.19515022026
dtlz4,m=100,nsga2,6,9.41813867496,3.13212962762
dtlz4,m=100,nsga2,7,9.08494514156,3.08384842018
dtlz4,m=100,nsga2,8,9.43794549848,3.13940297362
dtlz4,m=100,nsga2,9,9.52263814512,3.15293422516
dtlz4,m=100,nsga2,10,9.12215398503,3.08659258811
dtlz4,m=100,nsga2,11,9.60145570257,3.16336259846
dtlz4,m=100,nsga2,12,9.26557378632,3.10571275643
dtlz4,m=100,nsga2,13,9.14582085078,3.08958474694
dtlz4,m=100,nsga2,14,9.22044138682,3.09807803252
dtlz4,m=100,nsga2,15,9.28912655422,3.11348195456
dtlz4,m=100,nsga2,16,9.04739090598,3.07441902917
dtlz4,m=100,nsga2,17,9.3753152369,3.11938308308
dtlz4,m=100,nsga2,18,9.24916079084,3.10792888082
dtlz4,m=100,nsga2,19,9.19641337835,3.10156281235
dtlz4,m=100,nsga2,20,9.36021028837,3.12805334256
dtlz4,m=100,nsga2,21,9.23936231838,3.10691924298
dtlz4,m=100,nsga2,22,9.11878804335,3.09020682151
dtlz4,m=100,nsga2,23,9.35537039805,3.12591620689
dtlz4,m=100,nsga2,24,9.03726193739,3.07052283519
dtlz4,m=100,hype,0,2.49555570526,1.85403368595
dtlz4,m=100,hype,1,2.22954206968,1.78836425831
dtlz4,m=100,hype,2,2.7628683764,1.9108045862
dtlz4,m=100,hype,3,2.23969450835,1.79305053758
dtlz4,m=100,hype,4,2.37272272354,1.82366973626
dtlz4,m=100,hype,5,2.53443907433,1.86367397412
dtlz4,m=100,hype,6,2.33216581687,1.82061646951
dtlz4,m=100,hype,7,2.38944766707,1.83191406761
dtlz4,m=100,hype,8,2.47418873185,1.84393074438
dtlz4,m=100,hype,9,2.35550057882,1.81782133758
